Year,Race,Driver,Team,GridPosition,RacePosition,Status,IsWetRace
2022,Pre-Season Track Session,SAI,Ferrari,1.0,1.0,Finished,False
2022,Pre-Season Track Session,PER,Red Bull Racing,4.0,2.0,Finished,False
2022,Pre-Season Track Session,HAM,Mercedes,5.0,3.0,Finished,False
2022,Pre-Season Track Session,LEC,Ferrari,3.0,4.0,Finished,False
2022,Pre-Season Track Session,ALO,Alpine,7.0,5.0,Finished,False
2022,Pre-Season Track Session,NOR,McLaren,6.0,6.0,Finished,False
2022,Pre-Season Track Session,VER,Red Bull Racing,2.0,7.0,Finished,False
2022,Pre-Season Track Session,MSC,Haas F1 Team,19.0,8.0,Finished,False
2022,Pre-Season Track Session,VET,Aston Martin,18.0,9.0,Finished,False
2022,Pre-Season Track Session,MAG,Haas F1 Team,17.0,10.0,Finished,False
2022,Pre-Season Track Session,STR,Aston Martin,20.0,11.0,Finished,False
2022,Pre-Season Track Session,LAT,Williams,10.0,12.0,Finished,False
2022,Pre-Season Track Session,RIC,McLaren,14.0,13.0,Finished,False
2022,Pre-Season Track Session,TSU,AlphaTauri,13.0,14.0,Finished,False
2022,Pre-Season Track Session,OCO,Alpine,15.0,15.0,Fuel pump,False
2022,Pre-Season Track Session,GAS,AlphaTauri,11.0,16.0,Collision damage,False
2022,Pre-Season Track Session,BOT,Alfa Romeo,12.0,17.0,Gearbox,False
2022,Pre-Season Track Session,RUS,Mercedes,8.0,18.0,Collision,False
2022,Pre-Season Track Session,ZHO,Alfa Romeo,9.0,19.0,Collision,False
2022,Pre-Season Track Session,ALB,Williams,16.0,20.0,Collision,False
2022,Pre-Season Test,VER,Red Bull Racing,2.0,1.0,Finished,False
2022,Pre-Season Test,HAM,Mercedes,3.0,2.0,Finished,False
2022,Pre-Season Test,LEC,Ferrari,12.0,3.0,Finished,False
2022,Pre-Season Test,PER,Red Bull Racing,9.0,4.0,Finished,False
2022,Pre-Season Test,RUS,Mercedes,4.0,5.0,Finished,False
2022,Pre-Season Test,NOR,McLaren,6.0,6.0,Finished,False
2022,Pre-Season Test,ALO,Alpine,14.0,7.0,Finished,False
2022,Pre-Season Test,VET,Aston Martin,10.0,8.0,Finished,False
2022,Pre-Season Test,MAG,Haas F1 Team,13.0,9.0,Finished,False
2022,Pre-Season Test,TSU,AlphaTauri,19.0,10.0,Finished,False
2022,Pre-Season Test,OCO,Alpine,0.0,11.0,Finished,False
2022,Pre-Season Test,ZHO,Alfa Romeo,18.0,12.0,Finished,False
2022,Pre-Season Test,ALB,Williams,8.0,13.0,Finished,False
2022,Pre-Season Test,GAS,AlphaTauri,11.0,14.0,Finished,False
2022,Pre-Season Test,MSC,Haas F1 Team,16.0,15.0,Finished,False
2022,Pre-Season Test,RIC,McLaren,15.0,16.0,Finished,False
2022,Pre-Season Test,LAT,Williams,17.0,17.0,Finished,False
2022,Pre-Season Test,STR,Aston Martin,5.0,18.0,Collision,False
2022,Pre-Season Test,BOT,Alfa Romeo,7.0,19.0,Spun off,False
2022,Pre-Season Test,SAI,Ferrari,1.0,20.0,Collision damage,False
2022,Bahrain Grand Prix,LEC,Ferrari,1.0,1.0,Finished,False
2022,Bahrain Grand Prix,SAI,Ferrari,3.0,2.0,Finished,False
2022,Bahrain Grand Prix,HAM,Mercedes,5.0,3.0,Finished,False
2022,Bahrain Grand Prix,RUS,Mercedes,9.0,4.0,Finished,False
2022,Bahrain Grand Prix,MAG,Haas F1 Team,7.0,5.0,Finished,False
2022,Bahrain Grand Prix,BOT,Alfa Romeo,6.0,6.0,Finished,False
2022,Bahrain Grand Prix,OCO,Alpine,11.0,7.0,Finished,False
2022,Bahrain Grand Prix,TSU,AlphaTauri,16.0,8.0,Finished,False
2022,Bahrain Grand Prix,ALO,Alpine,8.0,9.0,Finished,False
2022,Bahrain Grand Prix,ZHO,Alfa Romeo,15.0,10.0,Finished,False
2022,Bahrain Grand Prix,MSC,Haas F1 Team,12.0,11.0,Finished,False
2022,Bahrain Grand Prix,STR,Aston Martin,19.0,12.0,Finished,False
2022,Bahrain Grand Prix,ALB,Williams,14.0,13.0,Finished,False
2022,Bahrain Grand Prix,RIC,McLaren,18.0,14.0,Finished,False
2022,Bahrain Grand Prix,NOR,McLaren,13.0,15.0,Finished,False
2022,Bahrain Grand Prix,LAT,Williams,20.0,16.0,Finished,False
2022,Bahrain Grand Prix,HUL,Aston Martin,17.0,17.0,Finished,False
2022,Bahrain Grand Prix,PER,Red Bull Racing,4.0,18.0,Fuel pressure,False
2022,Bahrain Grand Prix,VER,Red Bull Racing,2.0,19.0,Fuel pressure,False
2022,Bahrain Grand Prix,GAS,AlphaTauri,10.0,20.0,Power Unit,False
2022,Saudi Arabian Grand Prix,VER,Red Bull Racing,4.0,1.0,Finished,False
2022,Saudi Arabian Grand Prix,LEC,Ferrari,2.0,2.0,Finished,False
2022,Saudi Arabian Grand Prix,SAI,Ferrari,3.0,3.0,Finished,False
2022,Saudi Arabian Grand Prix,PER,Red Bull Racing,1.0,4.0,Finished,False
2022,Saudi Arabian Grand Prix,RUS,Mercedes,6.0,5.0,Finished,False
2022,Saudi Arabian Grand Prix,OCO,Alpine,5.0,6.0,Finished,False
2022,Saudi Arabian Grand Prix,NOR,McLaren,11.0,7.0,Finished,False
2022,Saudi Arabian Grand Prix,GAS,AlphaTauri,9.0,8.0,Finished,False
2022,Saudi Arabian Grand Prix,MAG,Haas F1 Team,10.0,9.0,Finished,False
2022,Saudi Arabian Grand Prix,HAM,Mercedes,15.0,10.0,Finished,False
2022,Saudi Arabian Grand Prix,ZHO,Alfa Romeo,12.0,11.0,Finished,False
2022,Saudi Arabian Grand Prix,HUL,Aston Martin,17.0,12.0,Finished,False
2022,Saudi Arabian Grand Prix,STR,Aston Martin,13.0,13.0,+1 Lap,False
2022,Saudi Arabian Grand Prix,ALB,Williams,16.0,14.0,Collision damage,False
2022,Saudi Arabian Grand Prix,BOT,Alfa Romeo,8.0,15.0,Cooling system,False
2022,Saudi Arabian Grand Prix,ALO,Alpine,7.0,16.0,Water pump,False
2022,Saudi Arabian Grand Prix,RIC,McLaren,14.0,17.0,Gearbox,False
2022,Saudi Arabian Grand Prix,LAT,Williams,18.0,18.0,Accident,False
2022,Saudi Arabian Grand Prix,TSU,AlphaTauri,19.0,19.0,Power Unit,False
2022,Saudi Arabian Grand Prix,MSC,Haas F1 Team,,,Withdrew,False
2022,Australian Grand Prix,LEC,Ferrari,1.0,1.0,Finished,False
2022,Australian Grand Prix,PER,Red Bull Racing,3.0,2.0,Finished,False
2022,Australian Grand Prix,RUS,Mercedes,6.0,3.0,Finished,False
2022,Australian Grand Prix,HAM,Mercedes,5.0,4.0,Finished,False
2022,Australian Grand Prix,NOR,McLaren,4.0,5.0,Finished,False
2022,Australian Grand Prix,RIC,McLaren,7.0,6.0,Finished,False
2022,Australian Grand Prix,OCO,Alpine,8.0,7.0,Finished,False
2022,Australian Grand Prix,BOT,Alfa Romeo,12.0,8.0,Finished,False
2022,Australian Grand Prix,GAS,AlphaTauri,11.0,9.0,Finished,False
2022,Australian Grand Prix,ALB,Williams,20.0,10.0,Finished,False
2022,Australian Grand Prix,ZHO,Alfa Romeo,14.0,11.0,Finished,False
2022,Australian Grand Prix,STR,Aston Martin,19.0,12.0,Finished,False
2022,Australian Grand Prix,MSC,Haas F1 Team,15.0,13.0,+1 Lap,False
2022,Australian Grand Prix,MAG,Haas F1 Team,16.0,14.0,+1 Lap,False
2022,Australian Grand Prix,TSU,AlphaTauri,13.0,15.0,+1 Lap,False
2022,Australian Grand Prix,LAT,Williams,18.0,16.0,+1 Lap,False
2022,Australian Grand Prix,ALO,Alpine,10.0,17.0,+1 Lap,False
2022,Australian Grand Prix,VER,Red Bull Racing,2.0,18.0,Fuel leak,False
2022,Australian Grand Prix,VET,Aston Martin,17.0,19.0,Accident,False
2022,Australian Grand Prix,SAI,Ferrari,9.0,20.0,Spun off,False
2022,Emilia Romagna Grand Prix,VER,Red Bull Racing,1.0,1.0,Finished,False
2022,Emilia Romagna Grand Prix,PER,Red Bull Racing,3.0,2.0,Finished,False
2022,Emilia Romagna Grand Prix,NOR,McLaren,5.0,3.0,Finished,False
2022,Emilia Romagna Grand Prix,RUS,Mercedes,11.0,4.0,Finished,False
2022,Emilia Romagna Grand Prix,BOT,Alfa Romeo,7.0,5.0,Finished,False
2022,Emilia Romagna Grand Prix,LEC,Ferrari,2.0,6.0,Finished,False
2022,Emilia Romagna Grand Prix,TSU,AlphaTauri,12.0,7.0,Finished,False
2022,Emilia Romagna Grand Prix,VET,Aston Martin,13.0,8.0,Finished,False
2022,Emilia Romagna Grand Prix,MAG,Haas F1 Team,8.0,9.0,Finished,False
2022,Emilia Romagna Grand Prix,STR,Aston Martin,15.0,10.0,+1 Lap,False
2022,Emilia Romagna Grand Prix,ALB,Williams,18.0,11.0,+1 Lap,False
2022,Emilia Romagna Grand Prix,GAS,AlphaTauri,17.0,12.0,+1 Lap,False
2022,Emilia Romagna Grand Prix,HAM,Mercedes,14.0,13.0,+1 Lap,False
2022,Emilia Romagna Grand Prix,OCO,Alpine,16.0,14.0,+1 Lap,False
2022,Emilia Romagna Grand Prix,ZHO,Alfa Romeo,0.0,15.0,+1 Lap,False
2022,Emilia Romagna Grand Prix,LAT,Williams,19.0,16.0,+1 Lap,False
2022,Emilia Romagna Grand Prix,MSC,Haas F1 Team,10.0,17.0,+1 Lap,False
2022,Emilia Romagna Grand Prix,RIC,McLaren,6.0,18.0,+1 Lap,False
2022,Emilia Romagna Grand Prix,ALO,Alpine,9.0,19.0,Collision damage,False
2022,Emilia Romagna Grand Prix,SAI,Ferrari,4.0,20.0,Collision,False
2022,Miami Grand Prix,VER,Red Bull Racing,3.0,1.0,Finished,True
2022,Miami Grand Prix,LEC,Ferrari,1.0,2.0,Finished,True
2022,Miami Grand Prix,SAI,Ferrari,2.0,3.0,Finished,True
2022,Miami Grand Prix,PER,Red Bull Racing,4.0,4.0,Finished,True
2022,Miami Grand Prix,RUS,Mercedes,12.0,5.0,Finished,True
2022,Miami Grand Prix,HAM,Mercedes,6.0,6.0,Finished,True
2022,Miami Grand Prix,BOT,Alfa Romeo,5.0,7.0,Finished,True
2022,Miami Grand Prix,OCO,Alpine,20.0,8.0,Finished,True
2022,Miami Grand Prix,ALB,Williams,18.0,9.0,Finished,True
2022,Miami Grand Prix,STR,Aston Martin,0.0,10.0,Finished,True
2022,Miami Grand Prix,ALO,Alpine,11.0,11.0,Finished,True
2022,Miami Grand Prix,TSU,AlphaTauri,9.0,12.0,Finished,True
2022,Miami Grand Prix,RIC,McLaren,14.0,13.0,Finished,True
2022,Miami Grand Prix,LAT,Williams,19.0,14.0,Finished,True
2022,Miami Grand Prix,MSC,Haas F1 Team,15.0,15.0,Finished,True
2022,Miami Grand Prix,MAG,Haas F1 Team,16.0,16.0,Front wing,True
2022,Miami Grand Prix,VET,Aston Martin,0.0,17.0,Collision,True
2022,Miami Grand Prix,GAS,AlphaTauri,7.0,18.0,Suspension,True
2022,Miami Grand Prix,NOR,McLaren,8.0,19.0,Collision,True
2022,Miami Grand Prix,ZHO,Alfa Romeo,17.0,20.0,Water leak,True
2022,Spanish Grand Prix,VER,Red Bull Racing,2.0,1.0,Finished,False
2022,Spanish Grand Prix,PER,Red Bull Racing,5.0,2.0,Finished,False
2022,Spanish Grand Prix,RUS,Mercedes,4.0,3.0,Finished,False
2022,Spanish Grand Prix,SAI,Ferrari,3.0,4.0,Finished,False
2022,Spanish Grand Prix,HAM,Mercedes,6.0,5.0,Finished,False
2022,Spanish Grand Prix,BOT,Alfa Romeo,7.0,6.0,Finished,False
2022,Spanish Grand Prix,OCO,Alpine,12.0,7.0,Finished,False
2022,Spanish Grand Prix,NOR,McLaren,11.0,8.0,Finished,False
2022,Spanish Grand Prix,ALO,Alpine,20.0,9.0,+1 Lap,False
2022,Spanish Grand Prix,TSU,AlphaTauri,13.0,10.0,+1 Lap,False
2022,Spanish Grand Prix,VET,Aston Martin,16.0,11.0,+1 Lap,False
2022,Spanish Grand Prix,RIC,McLaren,9.0,12.0,+1 Lap,False
2022,Spanish Grand Prix,GAS,AlphaTauri,14.0,13.0,+1 Lap,False
2022,Spanish Grand Prix,MSC,Haas F1 Team,10.0,14.0,+1 Lap,False
2022,Spanish Grand Prix,STR,Aston Martin,17.0,15.0,+1 Lap,False
2022,Spanish Grand Prix,LAT,Williams,19.0,16.0,+2 Laps,False
2022,Spanish Grand Prix,MAG,Haas F1 Team,8.0,17.0,+2 Laps,False
2022,Spanish Grand Prix,ALB,Williams,18.0,18.0,+2 Laps,False
2022,Spanish Grand Prix,ZHO,Alfa Romeo,15.0,19.0,Power loss,False
2022,Spanish Grand Prix,LEC,Ferrari,1.0,20.0,Turbo,False
2022,Monaco Grand Prix,PER,Red Bull Racing,3.0,1.0,Finished,True
2022,Monaco Grand Prix,SAI,Ferrari,2.0,2.0,Finished,True
2022,Monaco Grand Prix,VER,Red Bull Racing,4.0,3.0,Finished,True
2022,Monaco Grand Prix,LEC,Ferrari,1.0,4.0,Finished,True
2022,Monaco Grand Prix,RUS,Mercedes,6.0,5.0,Finished,True
2022,Monaco Grand Prix,NOR,McLaren,5.0,6.0,Finished,True
2022,Monaco Grand Prix,ALO,Alpine,7.0,7.0,Finished,True
2022,Monaco Grand Prix,HAM,Mercedes,8.0,8.0,Finished,True
2022,Monaco Grand Prix,BOT,Alfa Romeo,12.0,9.0,Finished,True
2022,Monaco Grand Prix,VET,Aston Martin,9.0,10.0,Finished,True
2022,Monaco Grand Prix,GAS,AlphaTauri,17.0,11.0,Finished,True
2022,Monaco Grand Prix,OCO,Alpine,10.0,12.0,Finished,True
2022,Monaco Grand Prix,RIC,McLaren,14.0,13.0,Finished,True
2022,Monaco Grand Prix,STR,Aston Martin,18.0,14.0,Finished,True
2022,Monaco Grand Prix,LAT,Williams,19.0,15.0,+1 Lap,True
2022,Monaco Grand Prix,ZHO,Alfa Romeo,20.0,16.0,+1 Lap,True
2022,Monaco Grand Prix,TSU,AlphaTauri,11.0,17.0,+1 Lap,True
2022,Monaco Grand Prix,ALB,Williams,16.0,18.0,Mechanical,True
2022,Monaco Grand Prix,MSC,Haas F1 Team,15.0,19.0,Accident,True
2022,Monaco Grand Prix,MAG,Haas F1 Team,13.0,20.0,Water pressure,True
2022,Azerbaijan Grand Prix,VER,Red Bull Racing,3.0,1.0,Finished,False
2022,Azerbaijan Grand Prix,PER,Red Bull Racing,2.0,2.0,Finished,False
2022,Azerbaijan Grand Prix,RUS,Mercedes,5.0,3.0,Finished,False
2022,Azerbaijan Grand Prix,HAM,Mercedes,7.0,4.0,Finished,False
2022,Azerbaijan Grand Prix,GAS,AlphaTauri,6.0,5.0,Finished,False
2022,Azerbaijan Grand Prix,VET,Aston Martin,9.0,6.0,Finished,False
2022,Azerbaijan Grand Prix,ALO,Alpine,10.0,7.0,Finished,False
2022,Azerbaijan Grand Prix,RIC,McLaren,12.0,8.0,Finished,False
2022,Azerbaijan Grand Prix,NOR,McLaren,11.0,9.0,Finished,False
2022,Azerbaijan Grand Prix,OCO,Alpine,13.0,10.0,Finished,False
2022,Azerbaijan Grand Prix,BOT,Alfa Romeo,15.0,11.0,+1 Lap,False
2022,Azerbaijan Grand Prix,ALB,Williams,17.0,12.0,+1 Lap,False
2022,Azerbaijan Grand Prix,TSU,AlphaTauri,8.0,13.0,+1 Lap,False
2022,Azerbaijan Grand Prix,MSC,Haas F1 Team,20.0,14.0,+1 Lap,False
2022,Azerbaijan Grand Prix,LAT,Williams,18.0,15.0,+1 Lap,False
2022,Azerbaijan Grand Prix,STR,Aston Martin,19.0,16.0,Vibrations,False
2022,Azerbaijan Grand Prix,MAG,Haas F1 Team,16.0,17.0,Power Unit,False
2022,Azerbaijan Grand Prix,ZHO,Alfa Romeo,14.0,18.0,Hydraulics,False
2022,Azerbaijan Grand Prix,LEC,Ferrari,1.0,19.0,Power Unit,False
2022,Azerbaijan Grand Prix,SAI,Ferrari,4.0,20.0,Hydraulics,False
2022,Canadian Grand Prix,VER,Red Bull Racing,1.0,1.0,Finished,False
2022,Canadian Grand Prix,SAI,Ferrari,3.0,2.0,Finished,False
2022,Canadian Grand Prix,HAM,Mercedes,4.0,3.0,Finished,False
2022,Canadian Grand Prix,RUS,Mercedes,8.0,4.0,Finished,False
2022,Canadian Grand Prix,LEC,Ferrari,19.0,5.0,Finished,False
2022,Canadian Grand Prix,OCO,Alpine,7.0,6.0,Finished,False
2022,Canadian Grand Prix,BOT,Alfa Romeo,11.0,7.0,Finished,False
2022,Canadian Grand Prix,ZHO,Alfa Romeo,10.0,8.0,Finished,False
2022,Canadian Grand Prix,ALO,Alpine,2.0,9.0,Finished,False
2022,Canadian Grand Prix,STR,Aston Martin,17.0,10.0,Finished,False
2022,Canadian Grand Prix,RIC,McLaren,9.0,11.0,Finished,False
2022,Canadian Grand Prix,VET,Aston Martin,16.0,12.0,Finished,False
2022,Canadian Grand Prix,ALB,Williams,12.0,13.0,Finished,False
2022,Canadian Grand Prix,GAS,AlphaTauri,15.0,14.0,Finished,False
2022,Canadian Grand Prix,NOR,McLaren,14.0,15.0,Finished,False
2022,Canadian Grand Prix,LAT,Williams,18.0,16.0,Finished,False
2022,Canadian Grand Prix,MAG,Haas F1 Team,5.0,17.0,Finished,False
2022,Canadian Grand Prix,TSU,AlphaTauri,20.0,18.0,Accident,False
2022,Canadian Grand Prix,MSC,Haas F1 Team,6.0,19.0,Engine,False
2022,Canadian Grand Prix,PER,Red Bull Racing,13.0,20.0,Gearbox,False
2022,British Grand Prix,SAI,Ferrari,1.0,1.0,Finished,False
2022,British Grand Prix,PER,Red Bull Racing,4.0,2.0,Finished,False
2022,British Grand Prix,HAM,Mercedes,5.0,3.0,Finished,False
2022,British Grand Prix,LEC,Ferrari,3.0,4.0,Finished,False
2022,British Grand Prix,ALO,Alpine,7.0,5.0,Finished,False
2022,British Grand Prix,NOR,McLaren,6.0,6.0,Finished,False
2022,British Grand Prix,VER,Red Bull Racing,2.0,7.0,Finished,False
2022,British Grand Prix,MSC,Haas F1 Team,19.0,8.0,Finished,False
2022,British Grand Prix,VET,Aston Martin,18.0,9.0,Finished,False
2022,British Grand Prix,MAG,Haas F1 Team,17.0,10.0,Finished,False
2022,British Grand Prix,STR,Aston Martin,20.0,11.0,Finished,False
2022,British Grand Prix,LAT,Williams,10.0,12.0,Finished,False
2022,British Grand Prix,RIC,McLaren,14.0,13.0,Finished,False
2022,British Grand Prix,TSU,AlphaTauri,13.0,14.0,Finished,False
2022,British Grand Prix,OCO,Alpine,15.0,15.0,Fuel pump,False
2022,British Grand Prix,GAS,AlphaTauri,11.0,16.0,Collision damage,False
2022,British Grand Prix,BOT,Alfa Romeo,12.0,17.0,Gearbox,False
2022,British Grand Prix,RUS,Mercedes,8.0,18.0,Collision,False
2022,British Grand Prix,ZHO,Alfa Romeo,9.0,19.0,Collision,False
2022,British Grand Prix,ALB,Williams,16.0,20.0,Collision,False
2022,Austrian Grand Prix,LEC,Ferrari,2.0,1.0,Finished,False
2022,Austrian Grand Prix,VER,Red Bull Racing,1.0,2.0,Finished,False
2022,Austrian Grand Prix,HAM,Mercedes,8.0,3.0,Finished,False
2022,Austrian Grand Prix,RUS,Mercedes,4.0,4.0,Finished,False
2022,Austrian Grand Prix,OCO,Alpine,6.0,5.0,Finished,False
2022,Austrian Grand Prix,MSC,Haas F1 Team,9.0,6.0,+1 Lap,False
2022,Austrian Grand Prix,NOR,McLaren,10.0,7.0,+1 Lap,False
2022,Austrian Grand Prix,MAG,Haas F1 Team,7.0,8.0,+1 Lap,False
2022,Austrian Grand Prix,RIC,McLaren,11.0,9.0,+1 Lap,False
2022,Austrian Grand Prix,ALO,Alpine,19.0,10.0,+1 Lap,False
2022,Austrian Grand Prix,BOT,Alfa Romeo,0.0,11.0,+1 Lap,False
2022,Austrian Grand Prix,ALB,Williams,15.0,12.0,+1 Lap,False
2022,Austrian Grand Prix,STR,Aston Martin,12.0,13.0,+1 Lap,False
2022,Austrian Grand Prix,ZHO,Alfa Romeo,13.0,14.0,+1 Lap,False
2022,Austrian Grand Prix,GAS,AlphaTauri,14.0,15.0,+1 Lap,False
2022,Austrian Grand Prix,TSU,AlphaTauri,16.0,16.0,+1 Lap,False
2022,Austrian Grand Prix,VET,Aston Martin,18.0,17.0,+1 Lap,False
2022,Austrian Grand Prix,SAI,Ferrari,3.0,18.0,Power Unit,False
2022,Austrian Grand Prix,LAT,Williams,17.0,19.0,Undertray,False
2022,Austrian Grand Prix,PER,Red Bull Racing,5.0,20.0,Collision damage,False
2022,French Grand Prix,VER,Red Bull Racing,2.0,1.0,Finished,False
2022,French Grand Prix,HAM,Mercedes,4.0,2.0,Finished,False
2022,French Grand Prix,RUS,Mercedes,6.0,3.0,Finished,False
2022,French Grand Prix,PER,Red Bull Racing,3.0,4.0,Finished,False
2022,French Grand Prix,SAI,Ferrari,19.0,5.0,Finished,False
2022,French Grand Prix,ALO,Alpine,7.0,6.0,Finished,False
2022,French Grand Prix,NOR,McLaren,5.0,7.0,Finished,False
2022,French Grand Prix,OCO,Alpine,10.0,8.0,Finished,False
2022,French Grand Prix,RIC,McLaren,9.0,9.0,Finished,False
2022,French Grand Prix,STR,Aston Martin,15.0,10.0,Finished,False
2022,French Grand Prix,VET,Aston Martin,12.0,11.0,Finished,False
2022,French Grand Prix,GAS,AlphaTauri,14.0,12.0,Finished,False
2022,French Grand Prix,ALB,Williams,13.0,13.0,Finished,False
2022,French Grand Prix,BOT,Alfa Romeo,11.0,14.0,Finished,False
2022,French Grand Prix,MSC,Haas F1 Team,17.0,15.0,Finished,False
2022,French Grand Prix,ZHO,Alfa Romeo,16.0,16.0,+6 Laps,False
2022,French Grand Prix,LAT,Williams,18.0,17.0,Collision damage,False
2022,French Grand Prix,MAG,Haas F1 Team,20.0,18.0,Collision damage,False
2022,French Grand Prix,LEC,Ferrari,1.0,19.0,Accident,False
2022,French Grand Prix,TSU,AlphaTauri,8.0,20.0,Undertray,False
2022,Hungarian Grand Prix,VER,Red Bull Racing,10.0,1.0,Finished,True
2022,Hungarian Grand Prix,HAM,Mercedes,7.0,2.0,Finished,True
2022,Hungarian Grand Prix,RUS,Mercedes,1.0,3.0,Finished,True
2022,Hungarian Grand Prix,SAI,Ferrari,2.0,4.0,Finished,True
2022,Hungarian Grand Prix,PER,Red Bull Racing,11.0,5.0,Finished,True
2022,Hungarian Grand Prix,LEC,Ferrari,3.0,6.0,Finished,True
2022,Hungarian Grand Prix,NOR,McLaren,4.0,7.0,Finished,True
2022,Hungarian Grand Prix,ALO,Alpine,6.0,8.0,+1 Lap,True
2022,Hungarian Grand Prix,OCO,Alpine,5.0,9.0,+1 Lap,True
2022,Hungarian Grand Prix,VET,Aston Martin,18.0,10.0,+1 Lap,True
2022,Hungarian Grand Prix,STR,Aston Martin,14.0,11.0,+1 Lap,True
2022,Hungarian Grand Prix,GAS,AlphaTauri,0.0,12.0,+1 Lap,True
2022,Hungarian Grand Prix,ZHO,Alfa Romeo,12.0,13.0,+1 Lap,True
2022,Hungarian Grand Prix,MSC,Haas F1 Team,15.0,14.0,+1 Lap,True
2022,Hungarian Grand Prix,RIC,McLaren,9.0,15.0,+1 Lap,True
2022,Hungarian Grand Prix,MAG,Haas F1 Team,13.0,16.0,+1 Lap,True
2022,Hungarian Grand Prix,ALB,Williams,17.0,17.0,+1 Lap,True
2022,Hungarian Grand Prix,LAT,Williams,19.0,18.0,+1 Lap,True
2022,Hungarian Grand Prix,TSU,AlphaTauri,16.0,19.0,+2 Laps,True
2022,Hungarian Grand Prix,BOT,Alfa Romeo,8.0,20.0,Power Unit,True
2022,Belgian Grand Prix,VER,Red Bull Racing,14.0,1.0,Finished,False
2022,Belgian Grand Prix,PER,Red Bull Racing,2.0,2.0,Finished,False
2022,Belgian Grand Prix,SAI,Ferrari,1.0,3.0,Finished,False
2022,Belgian Grand Prix,RUS,Mercedes,5.0,4.0,Finished,False
2022,Belgian Grand Prix,ALO,Alpine,3.0,5.0,Finished,False
2022,Belgian Grand Prix,LEC,Ferrari,15.0,6.0,Finished,False
2022,Belgian Grand Prix,OCO,Alpine,16.0,7.0,Finished,False
2022,Belgian Grand Prix,VET,Aston Martin,10.0,8.0,Finished,False
2022,Belgian Grand Prix,GAS,AlphaTauri,0.0,9.0,Finished,False
2022,Belgian Grand Prix,ALB,Williams,6.0,10.0,Finished,False
2022,Belgian Grand Prix,STR,Aston Martin,9.0,11.0,Finished,False
2022,Belgian Grand Prix,NOR,McLaren,17.0,12.0,Finished,False
2022,Belgian Grand Prix,TSU,AlphaTauri,0.0,13.0,Finished,False
2022,Belgian Grand Prix,ZHO,Alfa Romeo,18.0,14.0,Finished,False
2022,Belgian Grand Prix,RIC,McLaren,7.0,15.0,Finished,False
2022,Belgian Grand Prix,MAG,Haas F1 Team,12.0,16.0,+1 Lap,False
2022,Belgian Grand Prix,MSC,Haas F1 Team,19.0,17.0,+1 Lap,False
2022,Belgian Grand Prix,LAT,Williams,11.0,18.0,+1 Lap,False
2022,Belgian Grand Prix,BOT,Alfa Romeo,13.0,19.0,Accident,False
2022,Belgian Grand Prix,HAM,Mercedes,4.0,20.0,Collision damage,False
2022,Dutch Grand Prix,VER,Red Bull Racing,1.0,1.0,Finished,False
2022,Dutch Grand Prix,RUS,Mercedes,6.0,2.0,Finished,False
2022,Dutch Grand Prix,LEC,Ferrari,2.0,3.0,Finished,False
2022,Dutch Grand Prix,HAM,Mercedes,4.0,4.0,Finished,False
2022,Dutch Grand Prix,PER,Red Bull Racing,5.0,5.0,Finished,False
2022,Dutch Grand Prix,ALO,Alpine,13.0,6.0,Finished,False
2022,Dutch Grand Prix,NOR,McLaren,7.0,7.0,Finished,False
2022,Dutch Grand Prix,SAI,Ferrari,3.0,8.0,Finished,False
2022,Dutch Grand Prix,OCO,Alpine,12.0,9.0,Finished,False
2022,Dutch Grand Prix,STR,Aston Martin,10.0,10.0,Finished,False
2022,Dutch Grand Prix,GAS,AlphaTauri,11.0,11.0,Finished,False
2022,Dutch Grand Prix,ALB,Williams,15.0,12.0,Finished,False
2022,Dutch Grand Prix,MSC,Haas F1 Team,8.0,13.0,Finished,False
2022,Dutch Grand Prix,VET,Aston Martin,19.0,14.0,Finished,False
2022,Dutch Grand Prix,MAG,Haas F1 Team,18.0,15.0,Finished,False
2022,Dutch Grand Prix,ZHO,Alfa Romeo,14.0,16.0,Finished,False
2022,Dutch Grand Prix,RIC,McLaren,17.0,17.0,Finished,False
2022,Dutch Grand Prix,LAT,Williams,20.0,18.0,+1 Lap,False
2022,Dutch Grand Prix,BOT,Alfa Romeo,16.0,19.0,Engine,False
2022,Dutch Grand Prix,TSU,AlphaTauri,9.0,20.0,Differential,False
2022,Italian Grand Prix,VER,Red Bull Racing,7.0,1.0,Finished,False
2022,Italian Grand Prix,LEC,Ferrari,1.0,2.0,Finished,False
2022,Italian Grand Prix,RUS,Mercedes,2.0,3.0,Finished,False
2022,Italian Grand Prix,SAI,Ferrari,18.0,4.0,Finished,False
2022,Italian Grand Prix,HAM,Mercedes,19.0,5.0,Finished,False
2022,Italian Grand Prix,PER,Red Bull Racing,13.0,6.0,Finished,False
2022,Italian Grand Prix,NOR,McLaren,3.0,7.0,Finished,False
2022,Italian Grand Prix,GAS,AlphaTauri,5.0,8.0,Finished,False
2022,Italian Grand Prix,DEV,Williams,8.0,9.0,Finished,False
2022,Italian Grand Prix,ZHO,Alfa Romeo,9.0,10.0,Finished,False
2022,Italian Grand Prix,OCO,Alpine,14.0,11.0,Finished,False
2022,Italian Grand Prix,MSC,Haas F1 Team,17.0,12.0,Finished,False
2022,Italian Grand Prix,BOT,Alfa Romeo,15.0,13.0,+1 Lap,False
2022,Italian Grand Prix,TSU,AlphaTauri,20.0,14.0,+1 Lap,False
2022,Italian Grand Prix,LAT,Williams,10.0,15.0,+1 Lap,False
2022,Italian Grand Prix,MAG,Haas F1 Team,16.0,16.0,+1 Lap,False
2022,Italian Grand Prix,RIC,McLaren,4.0,17.0,Oil leak,False
2022,Italian Grand Prix,STR,Aston Martin,12.0,18.0,Engine,False
2022,Italian Grand Prix,ALO,Alpine,6.0,19.0,Water pressure,False
2022,Italian Grand Prix,VET,Aston Martin,11.0,20.0,Engine,False
2022,Singapore Grand Prix,PER,Red Bull Racing,2.0,1.0,Finished,True
2022,Singapore Grand Prix,LEC,Ferrari,1.0,2.0,Finished,True
2022,Singapore Grand Prix,SAI,Ferrari,4.0,3.0,Finished,True
2022,Singapore Grand Prix,NOR,McLaren,6.0,4.0,Finished,True
2022,Singapore Grand Prix,RIC,McLaren,16.0,5.0,Finished,True
2022,Singapore Grand Prix,STR,Aston Martin,11.0,6.0,Finished,True
2022,Singapore Grand Prix,VER,Red Bull Racing,8.0,7.0,Finished,True
2022,Singapore Grand Prix,VET,Aston Martin,13.0,8.0,Finished,True
2022,Singapore Grand Prix,HAM,Mercedes,3.0,9.0,Finished,True
2022,Singapore Grand Prix,GAS,AlphaTauri,7.0,10.0,Finished,True
2022,Singapore Grand Prix,BOT,Alfa Romeo,15.0,11.0,Finished,True
2022,Singapore Grand Prix,MAG,Haas F1 Team,9.0,12.0,Finished,True
2022,Singapore Grand Prix,MSC,Haas F1 Team,12.0,13.0,+1 Lap,True
2022,Singapore Grand Prix,RUS,Mercedes,0.0,14.0,+2 Laps,True
2022,Singapore Grand Prix,TSU,AlphaTauri,10.0,15.0,Accident,True
2022,Singapore Grand Prix,OCO,Alpine,17.0,16.0,Engine,True
2022,Singapore Grand Prix,ALB,Williams,18.0,17.0,Collision damage,True
2022,Singapore Grand Prix,ALO,Alpine,5.0,18.0,Engine,True
2022,Singapore Grand Prix,LAT,Williams,19.0,19.0,Collision damage,True
2022,Singapore Grand Prix,ZHO,Alfa Romeo,14.0,20.0,Collision,True
2022,Japanese Grand Prix,VER,Red Bull Racing,1.0,1.0,Finished,True
2022,Japanese Grand Prix,PER,Red Bull Racing,4.0,2.0,Finished,True
2022,Japanese Grand Prix,LEC,Ferrari,2.0,3.0,Finished,True
2022,Japanese Grand Prix,OCO,Alpine,5.0,4.0,Finished,True
2022,Japanese Grand Prix,HAM,Mercedes,6.0,5.0,Finished,True
2022,Japanese Grand Prix,VET,Aston Martin,9.0,6.0,Finished,True
2022,Japanese Grand Prix,ALO,Alpine,7.0,7.0,Finished,True
2022,Japanese Grand Prix,RUS,Mercedes,8.0,8.0,Finished,True
2022,Japanese Grand Prix,LAT,Williams,20.0,9.0,Finished,True
2022,Japanese Grand Prix,NOR,McLaren,10.0,10.0,Finished,True
2022,Japanese Grand Prix,RIC,McLaren,11.0,11.0,Finished,True
2022,Japanese Grand Prix,STR,Aston Martin,19.0,12.0,Finished,True
2022,Japanese Grand Prix,TSU,AlphaTauri,13.0,13.0,Finished,True
2022,Japanese Grand Prix,MAG,Haas F1 Team,18.0,14.0,Finished,True
2022,Japanese Grand Prix,BOT,Alfa Romeo,12.0,15.0,Finished,True
2022,Japanese Grand Prix,ZHO,Alfa Romeo,14.0,16.0,Finished,True
2022,Japanese Grand Prix,MSC,Haas F1 Team,15.0,17.0,Finished,True
2022,Japanese Grand Prix,GAS,AlphaTauri,17.0,18.0,Finished,True
2022,Japanese Grand Prix,SAI,Ferrari,3.0,19.0,Accident,True
2022,Japanese Grand Prix,ALB,Williams,16.0,20.0,Hydraulics,True
2022,United States Grand Prix,VER,Red Bull Racing,2.0,1.0,Finished,False
2022,United States Grand Prix,HAM,Mercedes,3.0,2.0,Finished,False
2022,United States Grand Prix,LEC,Ferrari,12.0,3.0,Finished,False
2022,United States Grand Prix,PER,Red Bull Racing,9.0,4.0,Finished,False
2022,United States Grand Prix,RUS,Mercedes,4.0,5.0,Finished,False
2022,United States Grand Prix,NOR,McLaren,6.0,6.0,Finished,False
2022,United States Grand Prix,ALO,Alpine,14.0,7.0,Finished,False
2022,United States Grand Prix,VET,Aston Martin,10.0,8.0,Finished,False
2022,United States Grand Prix,MAG,Haas F1 Team,13.0,9.0,Finished,False
2022,United States Grand Prix,TSU,AlphaTauri,19.0,10.0,Finished,False
2022,United States Grand Prix,OCO,Alpine,0.0,11.0,Finished,False
2022,United States Grand Prix,ZHO,Alfa Romeo,18.0,12.0,Finished,False
2022,United States Grand Prix,ALB,Williams,8.0,13.0,Finished,False
2022,United States Grand Prix,GAS,AlphaTauri,11.0,14.0,Finished,False
2022,United States Grand Prix,MSC,Haas F1 Team,16.0,15.0,Finished,False
2022,United States Grand Prix,RIC,McLaren,15.0,16.0,Finished,False
2022,United States Grand Prix,LAT,Williams,17.0,17.0,Finished,False
2022,United States Grand Prix,STR,Aston Martin,5.0,18.0,Collision,False
2022,United States Grand Prix,BOT,Alfa Romeo,7.0,19.0,Spun off,False
2022,United States Grand Prix,SAI,Ferrari,1.0,20.0,Collision damage,False
2022,Mexico City Grand Prix,VER,Red Bull Racing,1.0,1.0,Finished,False
2022,Mexico City Grand Prix,HAM,Mercedes,3.0,2.0,Finished,False
2022,Mexico City Grand Prix,PER,Red Bull Racing,4.0,3.0,Finished,False
2022,Mexico City Grand Prix,RUS,Mercedes,2.0,4.0,Finished,False
2022,Mexico City Grand Prix,SAI,Ferrari,5.0,5.0,Finished,False
2022,Mexico City Grand Prix,LEC,Ferrari,7.0,6.0,Finished,False
2022,Mexico City Grand Prix,RIC,McLaren,11.0,7.0,+1 Lap,False
2022,Mexico City Grand Prix,OCO,Alpine,10.0,8.0,+1 Lap,False
2022,Mexico City Grand Prix,NOR,McLaren,8.0,9.0,+1 Lap,False
2022,Mexico City Grand Prix,BOT,Alfa Romeo,6.0,10.0,+1 Lap,False
2022,Mexico City Grand Prix,GAS,AlphaTauri,14.0,11.0,+1 Lap,False
2022,Mexico City Grand Prix,ALB,Williams,17.0,12.0,+1 Lap,False
2022,Mexico City Grand Prix,ZHO,Alfa Romeo,12.0,13.0,+1 Lap,False
2022,Mexico City Grand Prix,VET,Aston Martin,16.0,14.0,+1 Lap,False
2022,Mexico City Grand Prix,STR,Aston Martin,20.0,15.0,+1 Lap,False
2022,Mexico City Grand Prix,MSC,Haas F1 Team,15.0,16.0,+1 Lap,False
2022,Mexico City Grand Prix,MAG,Haas F1 Team,19.0,17.0,+1 Lap,False
2022,Mexico City Grand Prix,LAT,Williams,18.0,18.0,+2 Laps,False
2022,Mexico City Grand Prix,ALO,Alpine,9.0,19.0,Engine,False
2022,Mexico City Grand Prix,TSU,AlphaTauri,13.0,20.0,Collision damage,False
2022,São Paulo Grand Prix,RUS,Mercedes,1.0,1.0,Finished,False
2022,São Paulo Grand Prix,HAM,Mercedes,2.0,2.0,Finished,False
2022,São Paulo Grand Prix,SAI,Ferrari,7.0,3.0,Finished,False
2022,São Paulo Grand Prix,LEC,Ferrari,5.0,4.0,Finished,False
2022,São Paulo Grand Prix,ALO,Alpine,17.0,5.0,Finished,False
2022,São Paulo Grand Prix,VER,Red Bull Racing,3.0,6.0,Finished,False
2022,São Paulo Grand Prix,PER,Red Bull Racing,4.0,7.0,Finished,False
2022,São Paulo Grand Prix,OCO,Alpine,16.0,8.0,Finished,False
2022,São Paulo Grand Prix,BOT,Alfa Romeo,14.0,9.0,Finished,False
2022,São Paulo Grand Prix,STR,Aston Martin,15.0,10.0,Finished,False
2022,São Paulo Grand Prix,VET,Aston Martin,9.0,11.0,Finished,False
2022,São Paulo Grand Prix,ZHO,Alfa Romeo,13.0,12.0,Finished,False
2022,São Paulo Grand Prix,MSC,Haas F1 Team,12.0,13.0,Finished,False
2022,São Paulo Grand Prix,GAS,AlphaTauri,10.0,14.0,Finished,False
2022,São Paulo Grand Prix,ALB,Williams,19.0,15.0,Finished,False
2022,São Paulo Grand Prix,LAT,Williams,18.0,16.0,Finished,False
2022,São Paulo Grand Prix,TSU,AlphaTauri,0.0,17.0,+1 Lap,False
2022,São Paulo Grand Prix,NOR,McLaren,6.0,18.0,Gearbox,False
2022,São Paulo Grand Prix,MAG,Haas F1 Team,8.0,19.0,Collision,False
2022,São Paulo Grand Prix,RIC,McLaren,11.0,20.0,Collision,False
2022,Abu Dhabi Grand Prix,VER,Red Bull Racing,1.0,1.0,Finished,False
2022,Abu Dhabi Grand Prix,LEC,Ferrari,3.0,2.0,Finished,False
2022,Abu Dhabi Grand Prix,PER,Red Bull Racing,2.0,3.0,Finished,False
2022,Abu Dhabi Grand Prix,SAI,Ferrari,4.0,4.0,Finished,False
2022,Abu Dhabi Grand Prix,RUS,Mercedes,6.0,5.0,Finished,False
2022,Abu Dhabi Grand Prix,NOR,McLaren,7.0,6.0,Finished,False
2022,Abu Dhabi Grand Prix,OCO,Alpine,8.0,7.0,Finished,False
2022,Abu Dhabi Grand Prix,STR,Aston Martin,14.0,8.0,Finished,False
2022,Abu Dhabi Grand Prix,RIC,McLaren,13.0,9.0,Finished,False
2022,Abu Dhabi Grand Prix,VET,Aston Martin,9.0,10.0,Finished,False
2022,Abu Dhabi Grand Prix,TSU,AlphaTauri,11.0,11.0,Finished,False
2022,Abu Dhabi Grand Prix,ZHO,Alfa Romeo,15.0,12.0,+1 Lap,False
2022,Abu Dhabi Grand Prix,ALB,Williams,19.0,13.0,+1 Lap,False
2022,Abu Dhabi Grand Prix,GAS,AlphaTauri,17.0,14.0,+1 Lap,False
2022,Abu Dhabi Grand Prix,BOT,Alfa Romeo,18.0,15.0,+1 Lap,False
2022,Abu Dhabi Grand Prix,MSC,Haas F1 Team,12.0,16.0,+1 Lap,False
2022,Abu Dhabi Grand Prix,MAG,Haas F1 Team,16.0,17.0,+1 Lap,False
2022,Abu Dhabi Grand Prix,HAM,Mercedes,5.0,18.0,Hydraulics,False
2022,Abu Dhabi Grand Prix,LAT,Williams,20.0,19.0,Collision damage,False
2022,Abu Dhabi Grand Prix,ALO,Alpine,10.0,20.0,Water leak,False
2023,Pre-Season Testing,VER,Red Bull Racing,1.0,1.0,Finished,False
2023,Pre-Season Testing,NOR,McLaren,2.0,2.0,Finished,False
2023,Pre-Season Testing,HAM,Mercedes,7.0,3.0,Finished,False
2023,Pre-Season Testing,PIA,McLaren,3.0,4.0,Finished,False
2023,Pre-Season Testing,RUS,Mercedes,6.0,5.0,Finished,False
2023,Pre-Season Testing,PER,Red Bull Racing,15.0,6.0,Finished,False
2023,Pre-Season Testing,ALO,Aston Martin,9.0,7.0,Finished,False
2023,Pre-Season Testing,ALB,Williams,8.0,8.0,Finished,False
2023,Pre-Season Testing,LEC,Ferrari,4.0,9.0,Finished,False
2023,Pre-Season Testing,SAI,Ferrari,5.0,10.0,Finished,False
2023,Pre-Season Testing,SAR,Williams,14.0,11.0,Finished,False
2023,Pre-Season Testing,BOT,Alfa Romeo,20.0,12.0,Finished,False
2023,Pre-Season Testing,HUL,Haas F1 Team,11.0,13.0,Finished,False
2023,Pre-Season Testing,STR,Aston Martin,12.0,14.0,Finished,False
2023,Pre-Season Testing,ZHO,Alfa Romeo,17.0,15.0,Finished,False
2023,Pre-Season Testing,TSU,AlphaTauri,16.0,16.0,Finished,False
2023,Pre-Season Testing,DEV,AlphaTauri,18.0,17.0,Finished,False
2023,Pre-Season Testing,GAS,Alpine,10.0,18.0,Finished,False
2023,Pre-Season Testing,MAG,Haas F1 Team,19.0,19.0,Retired,False
2023,Pre-Season Testing,OCO,Alpine,13.0,20.0,Retired,False
2023,Bahrain Grand Prix,VER,Red Bull Racing,1.0,1.0,Finished,False
2023,Bahrain Grand Prix,PER,Red Bull Racing,2.0,2.0,Finished,False
2023,Bahrain Grand Prix,ALO,Aston Martin,5.0,3.0,Finished,False
2023,Bahrain Grand Prix,SAI,Ferrari,4.0,4.0,Finished,False
2023,Bahrain Grand Prix,HAM,Mercedes,7.0,5.0,Finished,False
2023,Bahrain Grand Prix,STR,Aston Martin,8.0,6.0,Finished,False
2023,Bahrain Grand Prix,RUS,Mercedes,6.0,7.0,Finished,False
2023,Bahrain Grand Prix,BOT,Alfa Romeo,12.0,8.0,Finished,False
2023,Bahrain Grand Prix,GAS,Alpine,20.0,9.0,Finished,False
2023,Bahrain Grand Prix,ALB,Williams,15.0,10.0,Finished,False
2023,Bahrain Grand Prix,TSU,AlphaTauri,14.0,11.0,Finished,False
2023,Bahrain Grand Prix,SAR,Williams,16.0,12.0,Lapped,False
2023,Bahrain Grand Prix,MAG,Haas F1 Team,17.0,13.0,Lapped,False
2023,Bahrain Grand Prix,DEV,AlphaTauri,19.0,14.0,Lapped,False
2023,Bahrain Grand Prix,HUL,Haas F1 Team,10.0,15.0,Lapped,False
2023,Bahrain Grand Prix,ZHO,Alfa Romeo,13.0,16.0,Lapped,False
2023,Bahrain Grand Prix,NOR,McLaren,11.0,17.0,Lapped,False
2023,Bahrain Grand Prix,OCO,Alpine,9.0,18.0,Retired,False
2023,Bahrain Grand Prix,LEC,Ferrari,3.0,19.0,Retired,False
2023,Bahrain Grand Prix,PIA,McLaren,18.0,20.0,Retired,False
2023,Saudi Arabian Grand Prix,PER,Red Bull Racing,1.0,1.0,Finished,False
2023,Saudi Arabian Grand Prix,VER,Red Bull Racing,15.0,2.0,Finished,False
2023,Saudi Arabian Grand Prix,ALO,Aston Martin,2.0,3.0,Finished,False
2023,Saudi Arabian Grand Prix,RUS,Mercedes,3.0,4.0,Finished,False
2023,Saudi Arabian Grand Prix,HAM,Mercedes,7.0,5.0,Finished,False
2023,Saudi Arabian Grand Prix,SAI,Ferrari,4.0,6.0,Finished,False
2023,Saudi Arabian Grand Prix,LEC,Ferrari,12.0,7.0,Finished,False
2023,Saudi Arabian Grand Prix,OCO,Alpine,6.0,8.0,Finished,False
2023,Saudi Arabian Grand Prix,GAS,Alpine,9.0,9.0,Finished,False
2023,Saudi Arabian Grand Prix,MAG,Haas F1 Team,13.0,10.0,Finished,False
2023,Saudi Arabian Grand Prix,TSU,AlphaTauri,16.0,11.0,Finished,False
2023,Saudi Arabian Grand Prix,HUL,Haas F1 Team,10.0,12.0,Finished,False
2023,Saudi Arabian Grand Prix,ZHO,Alfa Romeo,11.0,13.0,Finished,False
2023,Saudi Arabian Grand Prix,DEV,AlphaTauri,18.0,14.0,Finished,False
2023,Saudi Arabian Grand Prix,PIA,McLaren,8.0,15.0,Finished,False
2023,Saudi Arabian Grand Prix,SAR,Williams,20.0,16.0,Finished,False
2023,Saudi Arabian Grand Prix,NOR,McLaren,19.0,17.0,Finished,False
2023,Saudi Arabian Grand Prix,BOT,Alfa Romeo,14.0,18.0,Lapped,False
2023,Saudi Arabian Grand Prix,ALB,Williams,17.0,19.0,Retired,False
2023,Saudi Arabian Grand Prix,STR,Aston Martin,5.0,20.0,Retired,False
2023,Australian Grand Prix,VER,Red Bull Racing,1.0,1.0,Finished,False
2023,Australian Grand Prix,HAM,Mercedes,3.0,2.0,Finished,False
2023,Australian Grand Prix,ALO,Aston Martin,4.0,3.0,Finished,False
2023,Australian Grand Prix,STR,Aston Martin,6.0,4.0,Finished,False
2023,Australian Grand Prix,PER,Red Bull Racing,20.0,5.0,Finished,False
2023,Australian Grand Prix,NOR,McLaren,13.0,6.0,Finished,False
2023,Australian Grand Prix,HUL,Haas F1 Team,10.0,7.0,Finished,False
2023,Australian Grand Prix,PIA,McLaren,16.0,8.0,Finished,False
2023,Australian Grand Prix,ZHO,Alfa Romeo,17.0,9.0,Finished,False
2023,Australian Grand Prix,TSU,AlphaTauri,12.0,10.0,Finished,False
2023,Australian Grand Prix,BOT,Alfa Romeo,19.0,11.0,Finished,False
2023,Australian Grand Prix,SAI,Ferrari,5.0,12.0,Finished,False
2023,Australian Grand Prix,GAS,Alpine,9.0,13.0,Finished,False
2023,Australian Grand Prix,OCO,Alpine,11.0,14.0,Finished,False
2023,Australian Grand Prix,DEV,AlphaTauri,15.0,15.0,Finished,False
2023,Australian Grand Prix,SAR,Williams,18.0,16.0,Finished,False
2023,Australian Grand Prix,MAG,Haas F1 Team,14.0,17.0,Finished,False
2023,Australian Grand Prix,RUS,Mercedes,2.0,18.0,Retired,False
2023,Australian Grand Prix,ALB,Williams,8.0,19.0,Retired,False
2023,Australian Grand Prix,LEC,Ferrari,7.0,20.0,Retired,False
2023,British Grand Prix,VER,Red Bull Racing,1.0,1.0,Finished,False
2023,British Grand Prix,NOR,McLaren,2.0,2.0,Finished,False
2023,British Grand Prix,HAM,Mercedes,7.0,3.0,Finished,False
2023,British Grand Prix,PIA,McLaren,3.0,4.0,Finished,False
2023,British Grand Prix,RUS,Mercedes,6.0,5.0,Finished,False
2023,British Grand Prix,PER,Red Bull Racing,15.0,6.0,Finished,False
2023,British Grand Prix,ALO,Aston Martin,9.0,7.0,Finished,False
2023,British Grand Prix,ALB,Williams,8.0,8.0,Finished,False
2023,British Grand Prix,LEC,Ferrari,4.0,9.0,Finished,False
2023,British Grand Prix,SAI,Ferrari,5.0,10.0,Finished,False
2023,British Grand Prix,SAR,Williams,14.0,11.0,Finished,False
2023,British Grand Prix,BOT,Alfa Romeo,20.0,12.0,Finished,False
2023,British Grand Prix,HUL,Haas F1 Team,11.0,13.0,Finished,False
2023,British Grand Prix,STR,Aston Martin,12.0,14.0,Finished,False
2023,British Grand Prix,ZHO,Alfa Romeo,17.0,15.0,Finished,False
2023,British Grand Prix,TSU,AlphaTauri,16.0,16.0,Finished,False
2023,British Grand Prix,DEV,AlphaTauri,18.0,17.0,Finished,False
2023,British Grand Prix,GAS,Alpine,10.0,18.0,Finished,False
2023,British Grand Prix,MAG,Haas F1 Team,19.0,19.0,Retired,False
2023,British Grand Prix,OCO,Alpine,13.0,20.0,Retired,False
2022,Pre-Season Track Session,SAI,Ferrari,1.0,1.0,Finished,False
2022,Pre-Season Track Session,PER,Red Bull Racing,4.0,2.0,Finished,False
2022,Pre-Season Track Session,HAM,Mercedes,5.0,3.0,Finished,False
2022,Pre-Season Track Session,LEC,Ferrari,3.0,4.0,Finished,False
2022,Pre-Season Track Session,ALO,Alpine,7.0,5.0,Finished,False
2022,Pre-Season Track Session,NOR,McLaren,6.0,6.0,Finished,False
2022,Pre-Season Track Session,VER,Red Bull Racing,2.0,7.0,Finished,False
2022,Pre-Season Track Session,MSC,Haas F1 Team,19.0,8.0,Finished,False
2022,Pre-Season Track Session,VET,Aston Martin,18.0,9.0,Finished,False
2022,Pre-Season Track Session,MAG,Haas F1 Team,17.0,10.0,Finished,False
2022,Pre-Season Track Session,STR,Aston Martin,20.0,11.0,Finished,False
2022,Pre-Season Track Session,LAT,Williams,10.0,12.0,Finished,False
2022,Pre-Season Track Session,RIC,McLaren,14.0,13.0,Finished,False
2022,Pre-Season Track Session,TSU,AlphaTauri,13.0,14.0,Finished,False
2022,Pre-Season Track Session,OCO,Alpine,15.0,15.0,Fuel pump,False
2022,Pre-Season Track Session,GAS,AlphaTauri,11.0,16.0,Collision damage,False
2022,Pre-Season Track Session,BOT,Alfa Romeo,12.0,17.0,Gearbox,False
2022,Pre-Season Track Session,RUS,Mercedes,8.0,18.0,Collision,False
2022,Pre-Season Track Session,ZHO,Alfa Romeo,9.0,19.0,Collision,False
2022,Pre-Season Track Session,ALB,Williams,16.0,20.0,Collision,False
2023,Azerbaijan Grand Prix,PER,Red Bull Racing,3.0,1.0,Finished,False
2023,Azerbaijan Grand Prix,VER,Red Bull Racing,2.0,2.0,Finished,False
2023,Azerbaijan Grand Prix,LEC,Ferrari,1.0,3.0,Finished,False
2023,Azerbaijan Grand Prix,ALO,Aston Martin,6.0,4.0,Finished,False
2023,Azerbaijan Grand Prix,SAI,Ferrari,4.0,5.0,Finished,False
2023,Azerbaijan Grand Prix,HAM,Mercedes,5.0,6.0,Finished,False
2023,Azerbaijan Grand Prix,STR,Aston Martin,9.0,7.0,Finished,False
2023,Azerbaijan Grand Prix,RUS,Mercedes,11.0,8.0,Finished,False
2023,Azerbaijan Grand Prix,NOR,McLaren,7.0,9.0,Finished,False
2023,Azerbaijan Grand Prix,TSU,AlphaTauri,8.0,10.0,Finished,False
2023,Azerbaijan Grand Prix,PIA,McLaren,10.0,11.0,Finished,False
2023,Azerbaijan Grand Prix,ALB,Williams,12.0,12.0,Finished,False
2023,Azerbaijan Grand Prix,MAG,Haas F1 Team,16.0,13.0,Finished,False
2023,Azerbaijan Grand Prix,GAS,Alpine,17.0,14.0,Finished,False
2023,Azerbaijan Grand Prix,OCO,Alpine,19.0,15.0,Finished,False
2023,Azerbaijan Grand Prix,SAR,Williams,14.0,16.0,Finished,False
2023,Azerbaijan Grand Prix,HUL,Haas F1 Team,20.0,17.0,Lapped,False
2023,Azerbaijan Grand Prix,BOT,Alfa Romeo,13.0,18.0,Lapped,False
2023,Azerbaijan Grand Prix,ZHO,Alfa Romeo,15.0,19.0,Retired,False
2023,Azerbaijan Grand Prix,DEV,AlphaTauri,18.0,20.0,Retired,False
2023,Miami Grand Prix,VER,Red Bull Racing,9.0,1.0,Finished,False
2023,Miami Grand Prix,PER,Red Bull Racing,1.0,2.0,Finished,False
2023,Miami Grand Prix,ALO,Aston Martin,2.0,3.0,Finished,False
2023,Miami Grand Prix,RUS,Mercedes,6.0,4.0,Finished,False
2023,Miami Grand Prix,SAI,Ferrari,3.0,5.0,Finished,False
2023,Miami Grand Prix,HAM,Mercedes,13.0,6.0,Finished,False
2023,Miami Grand Prix,LEC,Ferrari,7.0,7.0,Finished,False
2023,Miami Grand Prix,GAS,Alpine,5.0,8.0,Finished,False
2023,Miami Grand Prix,OCO,Alpine,8.0,9.0,Finished,False
2023,Miami Grand Prix,MAG,Haas F1 Team,4.0,10.0,Finished,False
2023,Miami Grand Prix,TSU,AlphaTauri,17.0,11.0,Finished,False
2023,Miami Grand Prix,STR,Aston Martin,18.0,12.0,Finished,False
2023,Miami Grand Prix,BOT,Alfa Romeo,10.0,13.0,Finished,False
2023,Miami Grand Prix,ALB,Williams,11.0,14.0,Finished,False
2023,Miami Grand Prix,HUL,Haas F1 Team,12.0,15.0,Finished,False
2023,Miami Grand Prix,ZHO,Alfa Romeo,14.0,16.0,Finished,False
2023,Miami Grand Prix,NOR,McLaren,16.0,17.0,Finished,False
2023,Miami Grand Prix,DEV,AlphaTauri,15.0,18.0,Finished,False
2023,Miami Grand Prix,PIA,McLaren,19.0,19.0,Lapped,False
2023,Miami Grand Prix,SAR,Williams,20.0,20.0,Lapped,False
2023,Monaco Grand Prix,VER,Red Bull Racing,1.0,1.0,Finished,True
2023,Monaco Grand Prix,ALO,Aston Martin,2.0,2.0,Finished,True
2023,Monaco Grand Prix,OCO,Alpine,3.0,3.0,Finished,True
2023,Monaco Grand Prix,HAM,Mercedes,5.0,4.0,Finished,True
2023,Monaco Grand Prix,RUS,Mercedes,8.0,5.0,Finished,True
2023,Monaco Grand Prix,LEC,Ferrari,6.0,6.0,Finished,True
2023,Monaco Grand Prix,GAS,Alpine,7.0,7.0,Finished,True
2023,Monaco Grand Prix,SAI,Ferrari,4.0,8.0,Finished,True
2023,Monaco Grand Prix,NOR,McLaren,10.0,9.0,Lapped,True
2023,Monaco Grand Prix,PIA,McLaren,11.0,10.0,Lapped,True
2023,Monaco Grand Prix,BOT,Alfa Romeo,15.0,11.0,Lapped,True
2023,Monaco Grand Prix,DEV,AlphaTauri,12.0,12.0,Lapped,True
2023,Monaco Grand Prix,ZHO,Alfa Romeo,19.0,13.0,Lapped,True
2023,Monaco Grand Prix,ALB,Williams,13.0,14.0,Lapped,True
2023,Monaco Grand Prix,TSU,AlphaTauri,9.0,15.0,Lapped,True
2023,Monaco Grand Prix,PER,Red Bull Racing,20.0,16.0,Lapped,True
2023,Monaco Grand Prix,HUL,Haas F1 Team,18.0,17.0,Lapped,True
2023,Monaco Grand Prix,SAR,Williams,16.0,18.0,Lapped,True
2023,Monaco Grand Prix,MAG,Haas F1 Team,17.0,19.0,Finished,True
2023,Monaco Grand Prix,STR,Aston Martin,14.0,20.0,Retired,True
2023,Spanish Grand Prix,VER,Red Bull Racing,1.0,1.0,Finished,False
2023,Spanish Grand Prix,HAM,Mercedes,4.0,2.0,Finished,False
2023,Spanish Grand Prix,RUS,Mercedes,12.0,3.0,Finished,False
2023,Spanish Grand Prix,PER,Red Bull Racing,11.0,4.0,Finished,False
2023,Spanish Grand Prix,SAI,Ferrari,2.0,5.0,Finished,False
2023,Spanish Grand Prix,STR,Aston Martin,5.0,6.0,Finished,False
2023,Spanish Grand Prix,ALO,Aston Martin,8.0,7.0,Finished,False
2023,Spanish Grand Prix,OCO,Alpine,6.0,8.0,Finished,False
2023,Spanish Grand Prix,ZHO,Alfa Romeo,13.0,9.0,Finished,False
2023,Spanish Grand Prix,GAS,Alpine,10.0,10.0,Finished,False
2023,Spanish Grand Prix,LEC,Ferrari,19.0,11.0,Finished,False
2023,Spanish Grand Prix,TSU,AlphaTauri,15.0,12.0,Finished,False
2023,Spanish Grand Prix,PIA,McLaren,9.0,13.0,Lapped,False
2023,Spanish Grand Prix,DEV,AlphaTauri,14.0,14.0,Lapped,False
2023,Spanish Grand Prix,HUL,Haas F1 Team,7.0,15.0,Lapped,False
2023,Spanish Grand Prix,ALB,Williams,18.0,16.0,Lapped,False
2023,Spanish Grand Prix,NOR,McLaren,3.0,17.0,Lapped,False
2023,Spanish Grand Prix,MAG,Haas F1 Team,17.0,18.0,Lapped,False
2023,Spanish Grand Prix,BOT,Alfa Romeo,16.0,19.0,Lapped,False
2023,Spanish Grand Prix,SAR,Williams,20.0,20.0,Lapped,False
2023,Canadian Grand Prix,VER,Red Bull Racing,1.0,1.0,Finished,False
2023,Canadian Grand Prix,ALO,Aston Martin,2.0,2.0,Finished,False
2023,Canadian Grand Prix,HAM,Mercedes,3.0,3.0,Finished,False
2023,Canadian Grand Prix,LEC,Ferrari,10.0,4.0,Finished,False
2023,Canadian Grand Prix,SAI,Ferrari,11.0,5.0,Finished,False
2023,Canadian Grand Prix,PER,Red Bull Racing,12.0,6.0,Finished,False
2023,Canadian Grand Prix,ALB,Williams,9.0,7.0,Finished,False
2023,Canadian Grand Prix,OCO,Alpine,6.0,8.0,Finished,False
2023,Canadian Grand Prix,STR,Aston Martin,16.0,9.0,Finished,False
2023,Canadian Grand Prix,BOT,Alfa Romeo,14.0,10.0,Finished,False
2023,Canadian Grand Prix,PIA,McLaren,8.0,11.0,Finished,False
2023,Canadian Grand Prix,GAS,Alpine,15.0,12.0,Finished,False
2023,Canadian Grand Prix,NOR,McLaren,7.0,13.0,Finished,False
2023,Canadian Grand Prix,TSU,AlphaTauri,19.0,14.0,Finished,False
2023,Canadian Grand Prix,HUL,Haas F1 Team,5.0,15.0,Lapped,False
2023,Canadian Grand Prix,ZHO,Alfa Romeo,20.0,16.0,Lapped,False
2023,Canadian Grand Prix,MAG,Haas F1 Team,13.0,17.0,Lapped,False
2023,Canadian Grand Prix,DEV,AlphaTauri,17.0,18.0,Lapped,False
2023,Canadian Grand Prix,RUS,Mercedes,4.0,19.0,Retired,False
2023,Canadian Grand Prix,SAR,Williams,18.0,20.0,Retired,False
2023,Austrian Grand Prix,VER,Red Bull Racing,1.0,1.0,Finished,False
2023,Austrian Grand Prix,LEC,Ferrari,2.0,2.0,Finished,False
2023,Austrian Grand Prix,PER,Red Bull Racing,15.0,3.0,Finished,False
2023,Austrian Grand Prix,NOR,McLaren,4.0,4.0,Finished,False
2023,Austrian Grand Prix,ALO,Aston Martin,7.0,5.0,Finished,False
2023,Austrian Grand Prix,SAI,Ferrari,3.0,6.0,Finished,False
2023,Austrian Grand Prix,RUS,Mercedes,11.0,7.0,Finished,False
2023,Austrian Grand Prix,HAM,Mercedes,5.0,8.0,Finished,False
2023,Austrian Grand Prix,STR,Aston Martin,6.0,9.0,Finished,False
2023,Austrian Grand Prix,GAS,Alpine,9.0,10.0,Finished,False
2023,Austrian Grand Prix,ALB,Williams,10.0,11.0,Finished,False
2023,Austrian Grand Prix,ZHO,Alfa Romeo,17.0,12.0,Lapped,False
2023,Austrian Grand Prix,SAR,Williams,18.0,13.0,Lapped,False
2023,Austrian Grand Prix,OCO,Alpine,12.0,14.0,Lapped,False
2023,Austrian Grand Prix,BOT,Alfa Romeo,14.0,15.0,Lapped,False
2023,Austrian Grand Prix,PIA,McLaren,13.0,16.0,Lapped,False
2023,Austrian Grand Prix,DEV,AlphaTauri,20.0,17.0,Lapped,False
2023,Austrian Grand Prix,MAG,Haas F1 Team,19.0,18.0,Lapped,False
2023,Austrian Grand Prix,TSU,AlphaTauri,16.0,19.0,Lapped,False
2023,Austrian Grand Prix,HUL,Haas F1 Team,8.0,20.0,Retired,False
2023,Hungarian Grand Prix,VER,Red Bull Racing,2.0,1.0,Finished,False
2023,Hungarian Grand Prix,NOR,McLaren,3.0,2.0,Finished,False
2023,Hungarian Grand Prix,PER,Red Bull Racing,9.0,3.0,Finished,False
2023,Hungarian Grand Prix,HAM,Mercedes,1.0,4.0,Finished,False
2023,Hungarian Grand Prix,PIA,McLaren,4.0,5.0,Finished,False
2023,Hungarian Grand Prix,RUS,Mercedes,18.0,6.0,Finished,False
2023,Hungarian Grand Prix,LEC,Ferrari,6.0,7.0,Finished,False
2023,Hungarian Grand Prix,SAI,Ferrari,11.0,8.0,Finished,False
2023,Hungarian Grand Prix,ALO,Aston Martin,8.0,9.0,Finished,False
2023,Hungarian Grand Prix,STR,Aston Martin,14.0,10.0,Lapped,False
2023,Hungarian Grand Prix,ALB,Williams,16.0,11.0,Lapped,False
2023,Hungarian Grand Prix,BOT,Alfa Romeo,7.0,12.0,Lapped,False
2023,Hungarian Grand Prix,RIC,AlphaTauri,13.0,13.0,Lapped,False
2023,Hungarian Grand Prix,HUL,Haas F1 Team,10.0,14.0,Lapped,False
2023,Hungarian Grand Prix,TSU,AlphaTauri,17.0,15.0,Lapped,False
2023,Hungarian Grand Prix,ZHO,Alfa Romeo,5.0,16.0,Lapped,False
2023,Hungarian Grand Prix,MAG,Haas F1 Team,19.0,17.0,Lapped,False
2023,Hungarian Grand Prix,SAR,Williams,20.0,18.0,Finished,False
2023,Hungarian Grand Prix,OCO,Alpine,12.0,19.0,Retired,False
2023,Hungarian Grand Prix,GAS,Alpine,15.0,20.0,Retired,False
2023,Belgian Grand Prix,VER,Red Bull Racing,6.0,1.0,Finished,True
2023,Belgian Grand Prix,PER,Red Bull Racing,2.0,2.0,Finished,True
2023,Belgian Grand Prix,LEC,Ferrari,1.0,3.0,Finished,True
2023,Belgian Grand Prix,HAM,Mercedes,3.0,4.0,Finished,True
2023,Belgian Grand Prix,ALO,Aston Martin,9.0,5.0,Finished,True
2023,Belgian Grand Prix,RUS,Mercedes,8.0,6.0,Finished,True
2023,Belgian Grand Prix,NOR,McLaren,7.0,7.0,Finished,True
2023,Belgian Grand Prix,OCO,Alpine,14.0,8.0,Finished,True
2023,Belgian Grand Prix,STR,Aston Martin,10.0,9.0,Finished,True
2023,Belgian Grand Prix,TSU,AlphaTauri,11.0,10.0,Finished,True
2023,Belgian Grand Prix,GAS,Alpine,12.0,11.0,Finished,True
2023,Belgian Grand Prix,BOT,Alfa Romeo,13.0,12.0,Finished,True
2023,Belgian Grand Prix,ZHO,Alfa Romeo,17.0,13.0,Finished,True
2023,Belgian Grand Prix,ALB,Williams,15.0,14.0,Finished,True
2023,Belgian Grand Prix,MAG,Haas F1 Team,16.0,15.0,Finished,True
2023,Belgian Grand Prix,RIC,AlphaTauri,19.0,16.0,Finished,True
2023,Belgian Grand Prix,SAR,Williams,18.0,17.0,Finished,True
2023,Belgian Grand Prix,HUL,Haas F1 Team,20.0,18.0,Finished,True
2023,Belgian Grand Prix,SAI,Ferrari,4.0,19.0,Retired,True
2023,Belgian Grand Prix,PIA,McLaren,5.0,20.0,Retired,True
2023,Dutch Grand Prix,VER,Red Bull Racing,1.0,1.0,Finished,True
2023,Dutch Grand Prix,ALO,Aston Martin,5.0,2.0,Finished,True
2023,Dutch Grand Prix,GAS,Alpine,12.0,3.0,Finished,True
2023,Dutch Grand Prix,PER,Red Bull Racing,7.0,4.0,Finished,True
2023,Dutch Grand Prix,SAI,Ferrari,6.0,5.0,Finished,True
2023,Dutch Grand Prix,HAM,Mercedes,13.0,6.0,Finished,True
2023,Dutch Grand Prix,NOR,McLaren,2.0,7.0,Finished,True
2023,Dutch Grand Prix,ALB,Williams,4.0,8.0,Finished,True
2023,Dutch Grand Prix,PIA,McLaren,8.0,9.0,Finished,True
2023,Dutch Grand Prix,OCO,Alpine,16.0,10.0,Finished,True
2023,Dutch Grand Prix,STR,Aston Martin,11.0,11.0,Finished,True
2023,Dutch Grand Prix,HUL,Haas F1 Team,14.0,12.0,Finished,True
2023,Dutch Grand Prix,LAW,AlphaTauri,19.0,13.0,Finished,True
2023,Dutch Grand Prix,BOT,Alfa Romeo,18.0,14.0,Finished,True
2023,Dutch Grand Prix,TSU,AlphaTauri,17.0,15.0,Finished,True
2023,Dutch Grand Prix,MAG,Haas F1 Team,0.0,16.0,Finished,True
2023,Dutch Grand Prix,RUS,Mercedes,3.0,17.0,Finished,True
2023,Dutch Grand Prix,ZHO,Alfa Romeo,15.0,18.0,Accident,True
2023,Dutch Grand Prix,LEC,Ferrari,9.0,19.0,Undertray,True
2023,Dutch Grand Prix,SAR,Williams,10.0,20.0,Accident,True
2023,Italian Grand Prix,VER,Red Bull Racing,2.0,1.0,Finished,False
2023,Italian Grand Prix,PER,Red Bull Racing,5.0,2.0,Finished,False
2023,Italian Grand Prix,SAI,Ferrari,1.0,3.0,Finished,False
2023,Italian Grand Prix,LEC,Ferrari,3.0,4.0,Finished,False
2023,Italian Grand Prix,RUS,Mercedes,4.0,5.0,Finished,False
2023,Italian Grand Prix,HAM,Mercedes,8.0,6.0,Finished,False
2023,Italian Grand Prix,ALB,Williams,6.0,7.0,Finished,False
2023,Italian Grand Prix,NOR,McLaren,9.0,8.0,Finished,False
2023,Italian Grand Prix,ALO,Aston Martin,10.0,9.0,Finished,False
2023,Italian Grand Prix,BOT,Alfa Romeo,14.0,10.0,Finished,False
2023,Italian Grand Prix,LAW,AlphaTauri,12.0,11.0,Finished,False
2023,Italian Grand Prix,PIA,McLaren,7.0,12.0,Finished,False
2023,Italian Grand Prix,SAR,Williams,15.0,13.0,Finished,False
2023,Italian Grand Prix,ZHO,Alfa Romeo,16.0,14.0,Finished,False
2023,Italian Grand Prix,GAS,Alpine,17.0,15.0,Finished,False
2023,Italian Grand Prix,STR,Aston Martin,20.0,16.0,Finished,False
2023,Italian Grand Prix,HUL,Haas F1 Team,13.0,17.0,Lapped,False
2023,Italian Grand Prix,MAG,Haas F1 Team,19.0,18.0,Lapped,False
2023,Italian Grand Prix,OCO,Alpine,18.0,19.0,Retired,False
2023,Italian Grand Prix,TSU,AlphaTauri,11.0,20.0,Did not start,False
2023,Singapore Grand Prix,SAI,Ferrari,1.0,1.0,Finished,False
2023,Singapore Grand Prix,NOR,McLaren,4.0,2.0,Finished,False
2023,Singapore Grand Prix,HAM,Mercedes,5.0,3.0,Finished,False
2023,Singapore Grand Prix,LEC,Ferrari,3.0,4.0,Finished,False
2023,Singapore Grand Prix,VER,Red Bull Racing,11.0,5.0,Finished,False
2023,Singapore Grand Prix,GAS,Alpine,12.0,6.0,Finished,False
2023,Singapore Grand Prix,PIA,McLaren,17.0,7.0,Finished,False
2023,Singapore Grand Prix,PER,Red Bull Racing,13.0,8.0,Finished,False
2023,Singapore Grand Prix,LAW,AlphaTauri,10.0,9.0,Finished,False
2023,Singapore Grand Prix,MAG,Haas F1 Team,6.0,10.0,Finished,False
2023,Singapore Grand Prix,ALB,Williams,14.0,11.0,Finished,False
2023,Singapore Grand Prix,ZHO,Alfa Romeo,19.0,12.0,Finished,False
2023,Singapore Grand Prix,HUL,Haas F1 Team,9.0,13.0,Finished,False
2023,Singapore Grand Prix,SAR,Williams,18.0,14.0,Finished,False
2023,Singapore Grand Prix,ALO,Aston Martin,7.0,15.0,Finished,False
2023,Singapore Grand Prix,RUS,Mercedes,2.0,16.0,Finished,False
2023,Singapore Grand Prix,BOT,Alfa Romeo,16.0,17.0,Retired,False
2023,Singapore Grand Prix,OCO,Alpine,8.0,18.0,Retired,False
2023,Singapore Grand Prix,TSU,AlphaTauri,15.0,19.0,Retired,False
2023,Singapore Grand Prix,STR,Aston Martin,,,Withdrew,False
2023,Japanese Grand Prix,VER,Red Bull Racing,1.0,1.0,Finished,False
2023,Japanese Grand Prix,NOR,McLaren,3.0,2.0,Finished,False
2023,Japanese Grand Prix,PIA,McLaren,2.0,3.0,Finished,False
2023,Japanese Grand Prix,LEC,Ferrari,4.0,4.0,Finished,False
2023,Japanese Grand Prix,HAM,Mercedes,7.0,5.0,Finished,False
2023,Japanese Grand Prix,SAI,Ferrari,6.0,6.0,Finished,False
2023,Japanese Grand Prix,RUS,Mercedes,8.0,7.0,Finished,False
2023,Japanese Grand Prix,ALO,Aston Martin,10.0,8.0,Finished,False
2023,Japanese Grand Prix,OCO,Alpine,14.0,9.0,Finished,False
2023,Japanese Grand Prix,GAS,Alpine,12.0,10.0,Finished,False
2023,Japanese Grand Prix,LAW,AlphaTauri,11.0,11.0,Lapped,False
2023,Japanese Grand Prix,TSU,AlphaTauri,9.0,12.0,Lapped,False
2023,Japanese Grand Prix,ZHO,Alfa Romeo,19.0,13.0,Lapped,False
2023,Japanese Grand Prix,HUL,Haas F1 Team,18.0,14.0,Lapped,False
2023,Japanese Grand Prix,MAG,Haas F1 Team,15.0,15.0,Lapped,False
2023,Japanese Grand Prix,ALB,Williams,13.0,16.0,Retired,False
2023,Japanese Grand Prix,SAR,Williams,20.0,17.0,Retired,False
2023,Japanese Grand Prix,STR,Aston Martin,17.0,18.0,Retired,False
2023,Japanese Grand Prix,PER,Red Bull Racing,5.0,19.0,Retired,False
2023,Japanese Grand Prix,BOT,Alfa Romeo,16.0,20.0,Retired,False
2023,Qatar Grand Prix,VER,Red Bull Racing,1.0,1.0,Finished,False
2023,Qatar Grand Prix,PIA,McLaren,6.0,2.0,Finished,False
2023,Qatar Grand Prix,NOR,McLaren,10.0,3.0,Finished,False
2023,Qatar Grand Prix,RUS,Mercedes,2.0,4.0,Finished,False
2023,Qatar Grand Prix,LEC,Ferrari,5.0,5.0,Finished,False
2023,Qatar Grand Prix,ALO,Aston Martin,4.0,6.0,Finished,False
2023,Qatar Grand Prix,OCO,Alpine,8.0,7.0,Finished,False
2023,Qatar Grand Prix,BOT,Alfa Romeo,9.0,8.0,Finished,False
2023,Qatar Grand Prix,ZHO,Alfa Romeo,19.0,9.0,Finished,False
2023,Qatar Grand Prix,PER,Red Bull Racing,20.0,10.0,Finished,False
2023,Qatar Grand Prix,STR,Aston Martin,16.0,11.0,Finished,False
2023,Qatar Grand Prix,GAS,Alpine,7.0,12.0,Finished,False
2023,Qatar Grand Prix,ALB,Williams,13.0,13.0,Finished,False
2023,Qatar Grand Prix,MAG,Haas F1 Team,18.0,14.0,Lapped,False
2023,Qatar Grand Prix,TSU,AlphaTauri,11.0,15.0,Lapped,False
2023,Qatar Grand Prix,HUL,Haas F1 Team,14.0,16.0,Lapped,False
2023,Qatar Grand Prix,LAW,AlphaTauri,17.0,17.0,Lapped,False
2023,Qatar Grand Prix,SAR,Williams,15.0,18.0,Retired,False
2023,Qatar Grand Prix,HAM,Mercedes,3.0,19.0,Retired,False
2023,Qatar Grand Prix,SAI,Ferrari,12.0,20.0,Did not start,False
2023,United States Grand Prix,VER,Red Bull Racing,6.0,1.0,Finished,False
2023,United States Grand Prix,NOR,McLaren,2.0,2.0,Finished,False
2023,United States Grand Prix,SAI,Ferrari,4.0,3.0,Finished,False
2023,United States Grand Prix,PER,Red Bull Racing,9.0,4.0,Finished,False
2023,United States Grand Prix,RUS,Mercedes,5.0,5.0,Finished,False
2023,United States Grand Prix,GAS,Alpine,7.0,6.0,Finished,False
2023,United States Grand Prix,STR,Aston Martin,20.0,7.0,Finished,False
2023,United States Grand Prix,TSU,AlphaTauri,11.0,8.0,Finished,False
2023,United States Grand Prix,ALB,Williams,15.0,9.0,Finished,False
2023,United States Grand Prix,SAR,Williams,16.0,10.0,Finished,False
2023,United States Grand Prix,HUL,Haas F1 Team,18.0,11.0,Finished,False
2023,United States Grand Prix,BOT,Alfa Romeo,13.0,12.0,Finished,False
2023,United States Grand Prix,ZHO,Alfa Romeo,12.0,13.0,Lapped,False
2023,United States Grand Prix,MAG,Haas F1 Team,17.0,14.0,Lapped,False
2023,United States Grand Prix,RIC,AlphaTauri,14.0,15.0,Lapped,False
2023,United States Grand Prix,ALO,Aston Martin,19.0,16.0,Retired,False
2023,United States Grand Prix,PIA,McLaren,10.0,17.0,Retired,False
2023,United States Grand Prix,OCO,Alpine,8.0,18.0,Retired,False
2023,United States Grand Prix,HAM,Mercedes,3.0,19.0,Disqualified,False
2023,United States Grand Prix,LEC,Ferrari,1.0,20.0,Disqualified,False
2023,Mexico City Grand Prix,VER,Red Bull Racing,3.0,1.0,Finished,False
2023,Mexico City Grand Prix,HAM,Mercedes,6.0,2.0,Finished,False
2023,Mexico City Grand Prix,LEC,Ferrari,1.0,3.0,Finished,False
2023,Mexico City Grand Prix,SAI,Ferrari,2.0,4.0,Finished,False
2023,Mexico City Grand Prix,NOR,McLaren,17.0,5.0,Finished,False
2023,Mexico City Grand Prix,RUS,Mercedes,8.0,6.0,Finished,False
2023,Mexico City Grand Prix,RIC,AlphaTauri,4.0,7.0,Finished,False
2023,Mexico City Grand Prix,PIA,McLaren,7.0,8.0,Finished,False
2023,Mexico City Grand Prix,ALB,Williams,14.0,9.0,Finished,False
2023,Mexico City Grand Prix,OCO,Alpine,15.0,10.0,Finished,False
2023,Mexico City Grand Prix,GAS,Alpine,11.0,11.0,Finished,False
2023,Mexico City Grand Prix,TSU,AlphaTauri,18.0,12.0,Finished,False
2023,Mexico City Grand Prix,HUL,Haas F1 Team,12.0,13.0,Finished,False
2023,Mexico City Grand Prix,ZHO,Alfa Romeo,10.0,14.0,Finished,False
2023,Mexico City Grand Prix,BOT,Alfa Romeo,9.0,15.0,Finished,False
2023,Mexico City Grand Prix,SAR,Williams,19.0,16.0,Retired,False
2023,Mexico City Grand Prix,STR,Aston Martin,0.0,17.0,Collision damage,False
2023,Mexico City Grand Prix,ALO,Aston Martin,13.0,18.0,Withdrew,False
2023,Mexico City Grand Prix,MAG,Haas F1 Team,16.0,19.0,Accident,False
2023,Mexico City Grand Prix,PER,Red Bull Racing,5.0,20.0,Collision damage,False
2023,São Paulo Grand Prix,VER,Red Bull Racing,1.0,1.0,Finished,False
2023,São Paulo Grand Prix,NOR,McLaren,6.0,2.0,Finished,False
2023,São Paulo Grand Prix,ALO,Aston Martin,4.0,3.0,Finished,False
2023,São Paulo Grand Prix,PER,Red Bull Racing,9.0,4.0,Finished,False
2023,São Paulo Grand Prix,STR,Aston Martin,3.0,5.0,Finished,False
2023,São Paulo Grand Prix,SAI,Ferrari,7.0,6.0,Finished,False
2023,São Paulo Grand Prix,GAS,Alpine,15.0,7.0,Finished,False
2023,São Paulo Grand Prix,HAM,Mercedes,5.0,8.0,Finished,False
2023,São Paulo Grand Prix,TSU,AlphaTauri,16.0,9.0,Finished,False
2023,São Paulo Grand Prix,OCO,Alpine,14.0,10.0,Lapped,False
2023,São Paulo Grand Prix,SAR,Williams,19.0,11.0,Lapped,False
2023,São Paulo Grand Prix,HUL,Haas F1 Team,11.0,12.0,Lapped,False
2023,São Paulo Grand Prix,RIC,AlphaTauri,17.0,13.0,Lapped,False
2023,São Paulo Grand Prix,PIA,McLaren,10.0,14.0,Lapped,False
2023,São Paulo Grand Prix,RUS,Mercedes,8.0,15.0,Retired,False
2023,São Paulo Grand Prix,BOT,Alfa Romeo,18.0,16.0,Retired,False
2023,São Paulo Grand Prix,ZHO,Alfa Romeo,20.0,17.0,Retired,False
2023,São Paulo Grand Prix,MAG,Haas F1 Team,12.0,18.0,Retired,False
2023,São Paulo Grand Prix,ALB,Williams,13.0,19.0,Retired,False
2023,São Paulo Grand Prix,LEC,Ferrari,2.0,20.0,Did not start,False
2023,Las Vegas Grand Prix,VER,Red Bull Racing,2.0,1.0,Finished,False
2023,Las Vegas Grand Prix,LEC,Ferrari,1.0,2.0,Finished,False
2023,Las Vegas Grand Prix,PER,Red Bull Racing,11.0,3.0,Finished,False
2023,Las Vegas Grand Prix,OCO,Alpine,16.0,4.0,Finished,False
2023,Las Vegas Grand Prix,STR,Aston Martin,19.0,5.0,Finished,False
2023,Las Vegas Grand Prix,SAI,Ferrari,12.0,6.0,Finished,False
2023,Las Vegas Grand Prix,HAM,Mercedes,10.0,7.0,Finished,False
2023,Las Vegas Grand Prix,RUS,Mercedes,3.0,8.0,Finished,False
2023,Las Vegas Grand Prix,ALO,Aston Martin,9.0,9.0,Finished,False
2023,Las Vegas Grand Prix,PIA,McLaren,18.0,10.0,Finished,False
2023,Las Vegas Grand Prix,GAS,Alpine,4.0,11.0,Finished,False
2023,Las Vegas Grand Prix,ALB,Williams,5.0,12.0,Finished,False
2023,Las Vegas Grand Prix,MAG,Haas F1 Team,8.0,13.0,Finished,False
2023,Las Vegas Grand Prix,RIC,AlphaTauri,14.0,14.0,Finished,False
2023,Las Vegas Grand Prix,ZHO,Alfa Romeo,17.0,15.0,Finished,False
2023,Las Vegas Grand Prix,SAR,Williams,6.0,16.0,Finished,False
2023,Las Vegas Grand Prix,BOT,Alfa Romeo,7.0,17.0,Finished,False
2023,Las Vegas Grand Prix,TSU,AlphaTauri,20.0,18.0,Finished,False
2023,Las Vegas Grand Prix,HUL,Haas F1 Team,13.0,19.0,Finished,False
2023,Las Vegas Grand Prix,NOR,McLaren,15.0,20.0,Retired,False
2023,Abu Dhabi Grand Prix,VER,Red Bull Racing,1.0,1.0,Finished,False
2023,Abu Dhabi Grand Prix,LEC,Ferrari,2.0,2.0,Finished,False
2023,Abu Dhabi Grand Prix,RUS,Mercedes,4.0,3.0,Finished,False
2023,Abu Dhabi Grand Prix,PER,Red Bull Racing,9.0,4.0,Finished,False
2023,Abu Dhabi Grand Prix,NOR,McLaren,5.0,5.0,Finished,False
2023,Abu Dhabi Grand Prix,PIA,McLaren,3.0,6.0,Finished,False
2023,Abu Dhabi Grand Prix,ALO,Aston Martin,7.0,7.0,Finished,False
2023,Abu Dhabi Grand Prix,TSU,AlphaTauri,6.0,8.0,Finished,False
2023,Abu Dhabi Grand Prix,HAM,Mercedes,11.0,9.0,Finished,False
2023,Abu Dhabi Grand Prix,STR,Aston Martin,13.0,10.0,Finished,False
2023,Abu Dhabi Grand Prix,RIC,AlphaTauri,15.0,11.0,Finished,False
2023,Abu Dhabi Grand Prix,OCO,Alpine,12.0,12.0,Finished,False
2023,Abu Dhabi Grand Prix,GAS,Alpine,10.0,13.0,Finished,False
2023,Abu Dhabi Grand Prix,ALB,Williams,14.0,14.0,Finished,False
2023,Abu Dhabi Grand Prix,HUL,Haas F1 Team,8.0,15.0,Finished,False
2023,Abu Dhabi Grand Prix,SAR,Williams,20.0,16.0,Finished,False
2023,Abu Dhabi Grand Prix,ZHO,Alfa Romeo,19.0,17.0,Finished,False
2023,Abu Dhabi Grand Prix,SAI,Ferrari,16.0,18.0,Finished,False
2023,Abu Dhabi Grand Prix,BOT,Alfa Romeo,18.0,19.0,Lapped,False
2023,Abu Dhabi Grand Prix,MAG,Haas F1 Team,17.0,20.0,Lapped,False
2024,Pre-Season Testing,NOR,McLaren,1.0,1.0,Finished,False
2024,Pre-Season Testing,VER,Red Bull Racing,2.0,2.0,Finished,False
2024,Pre-Season Testing,PIA,McLaren,5.0,3.0,Finished,False
2024,Pre-Season Testing,RUS,Mercedes,4.0,4.0,Finished,False
2024,Pre-Season Testing,LEC,Ferrari,9.0,5.0,Finished,False
2024,Pre-Season Testing,HAM,Mercedes,3.0,6.0,Finished,False
2024,Pre-Season Testing,SAI,Ferrari,10.0,7.0,Finished,False
2024,Pre-Season Testing,ALO,Aston Martin,7.0,8.0,Lapped,False
2024,Pre-Season Testing,HUL,Haas F1 Team,6.0,9.0,Lapped,False
2024,Pre-Season Testing,PER,Red Bull Racing,13.0,10.0,Lapped,False
2024,Pre-Season Testing,COL,Williams,12.0,11.0,Lapped,False
2024,Pre-Season Testing,TSU,RB,8.0,12.0,Lapped,False
2024,Pre-Season Testing,OCO,Alpine,15.0,13.0,Lapped,False
2024,Pre-Season Testing,STR,Aston Martin,17.0,14.0,Lapped,False
2024,Pre-Season Testing,ZHO,Kick Sauber,20.0,15.0,Lapped,False
2024,Pre-Season Testing,BOT,Kick Sauber,19.0,16.0,Lapped,False
2024,Pre-Season Testing,GAS,Alpine,18.0,17.0,Lapped,False
2024,Pre-Season Testing,RIC,RB,16.0,18.0,Lapped,False
2024,Pre-Season Testing,MAG,Haas F1 Team,14.0,19.0,Finished,False
2024,Pre-Season Testing,ALB,Williams,11.0,20.0,Retired,False
2024,Bahrain Grand Prix,VER,Red Bull Racing,1.0,1.0,Finished,False
2024,Bahrain Grand Prix,PER,Red Bull Racing,5.0,2.0,Finished,False
2024,Bahrain Grand Prix,SAI,Ferrari,4.0,3.0,Finished,False
2024,Bahrain Grand Prix,LEC,Ferrari,2.0,4.0,Finished,False
2024,Bahrain Grand Prix,RUS,Mercedes,3.0,5.0,Finished,False
2024,Bahrain Grand Prix,NOR,McLaren,7.0,6.0,Finished,False
2024,Bahrain Grand Prix,HAM,Mercedes,9.0,7.0,Finished,False
2024,Bahrain Grand Prix,PIA,McLaren,8.0,8.0,Finished,False
2024,Bahrain Grand Prix,ALO,Aston Martin,6.0,9.0,Finished,False
2024,Bahrain Grand Prix,STR,Aston Martin,12.0,10.0,Finished,False
2024,Bahrain Grand Prix,ZHO,Kick Sauber,17.0,11.0,Lapped,False
2024,Bahrain Grand Prix,MAG,Haas F1 Team,15.0,12.0,Lapped,False
2024,Bahrain Grand Prix,RIC,RB,14.0,13.0,Lapped,False
2024,Bahrain Grand Prix,TSU,RB,11.0,14.0,Lapped,False
2024,Bahrain Grand Prix,ALB,Williams,13.0,15.0,Lapped,False
2024,Bahrain Grand Prix,HUL,Haas F1 Team,10.0,16.0,Lapped,False
2024,Bahrain Grand Prix,OCO,Alpine,19.0,17.0,Lapped,False
2024,Bahrain Grand Prix,GAS,Alpine,20.0,18.0,Lapped,False
2024,Bahrain Grand Prix,BOT,Kick Sauber,16.0,19.0,Lapped,False
2024,Bahrain Grand Prix,SAR,Williams,18.0,20.0,Lapped,False
2024,Saudi Arabian Grand Prix,VER,Red Bull Racing,1.0,1.0,Finished,False
2024,Saudi Arabian Grand Prix,PER,Red Bull Racing,3.0,2.0,Finished,False
2024,Saudi Arabian Grand Prix,LEC,Ferrari,2.0,3.0,Finished,False
2024,Saudi Arabian Grand Prix,PIA,McLaren,5.0,4.0,Finished,False
2024,Saudi Arabian Grand Prix,ALO,Aston Martin,4.0,5.0,Finished,False
2024,Saudi Arabian Grand Prix,RUS,Mercedes,7.0,6.0,Finished,False
2024,Saudi Arabian Grand Prix,BEA,Ferrari,11.0,7.0,Finished,False
2024,Saudi Arabian Grand Prix,NOR,McLaren,6.0,8.0,Finished,False
2024,Saudi Arabian Grand Prix,HAM,Mercedes,8.0,9.0,Finished,False
2024,Saudi Arabian Grand Prix,HUL,Haas F1 Team,15.0,10.0,Finished,False
2024,Saudi Arabian Grand Prix,ALB,Williams,12.0,11.0,Finished,False
2024,Saudi Arabian Grand Prix,MAG,Haas F1 Team,13.0,12.0,Finished,False
2024,Saudi Arabian Grand Prix,OCO,Alpine,17.0,13.0,Lapped,False
2024,Saudi Arabian Grand Prix,SAR,Williams,19.0,14.0,Lapped,False
2024,Saudi Arabian Grand Prix,TSU,RB,9.0,15.0,Lapped,False
2024,Saudi Arabian Grand Prix,RIC,RB,14.0,16.0,Lapped,False
2024,Saudi Arabian Grand Prix,BOT,Kick Sauber,16.0,17.0,Lapped,False
2024,Saudi Arabian Grand Prix,ZHO,Kick Sauber,20.0,18.0,Lapped,False
2024,Saudi Arabian Grand Prix,STR,Aston Martin,10.0,19.0,Retired,False
2024,Saudi Arabian Grand Prix,GAS,Alpine,18.0,20.0,Retired,False
2024,Australian Grand Prix,SAI,Ferrari,2.0,1.0,Finished,False
2024,Australian Grand Prix,LEC,Ferrari,4.0,2.0,Finished,False
2024,Australian Grand Prix,NOR,McLaren,3.0,3.0,Finished,False
2024,Australian Grand Prix,PIA,McLaren,5.0,4.0,Finished,False
2024,Australian Grand Prix,PER,Red Bull Racing,6.0,5.0,Finished,False
2024,Australian Grand Prix,STR,Aston Martin,9.0,6.0,Finished,False
2024,Australian Grand Prix,TSU,RB,8.0,7.0,Finished,False
2024,Australian Grand Prix,ALO,Aston Martin,10.0,8.0,Finished,False
2024,Australian Grand Prix,HUL,Haas F1 Team,16.0,9.0,Finished,False
2024,Australian Grand Prix,MAG,Haas F1 Team,14.0,10.0,Lapped,False
2024,Australian Grand Prix,ALB,Williams,12.0,11.0,Lapped,False
2024,Australian Grand Prix,RIC,RB,18.0,12.0,Lapped,False
2024,Australian Grand Prix,GAS,Alpine,17.0,13.0,Lapped,False
2024,Australian Grand Prix,BOT,Kick Sauber,13.0,14.0,Lapped,False
2024,Australian Grand Prix,ZHO,Kick Sauber,19.0,15.0,Lapped,False
2024,Australian Grand Prix,OCO,Alpine,15.0,16.0,Lapped,False
2024,Australian Grand Prix,RUS,Mercedes,7.0,17.0,Retired,False
2024,Australian Grand Prix,HAM,Mercedes,11.0,18.0,Retired,False
2024,Australian Grand Prix,VER,Red Bull Racing,1.0,19.0,Retired,False
2024,Japanese Grand Prix,VER,Red Bull Racing,1.0,1.0,Finished,False
2024,Japanese Grand Prix,PER,Red Bull Racing,2.0,2.0,Finished,False
2024,Japanese Grand Prix,SAI,Ferrari,4.0,3.0,Finished,False
2024,Japanese Grand Prix,LEC,Ferrari,8.0,4.0,Finished,False
2024,Japanese Grand Prix,NOR,McLaren,3.0,5.0,Finished,False
2024,Japanese Grand Prix,ALO,Aston Martin,5.0,6.0,Finished,False
2024,Japanese Grand Prix,RUS,Mercedes,9.0,7.0,Finished,False
2024,Japanese Grand Prix,PIA,McLaren,6.0,8.0,Finished,False
2024,Japanese Grand Prix,HAM,Mercedes,7.0,9.0,Finished,False
2024,Japanese Grand Prix,TSU,RB,10.0,10.0,Lapped,False
2024,Japanese Grand Prix,HUL,Haas F1 Team,12.0,11.0,Lapped,False
2024,Japanese Grand Prix,STR,Aston Martin,16.0,12.0,Lapped,False
2024,Japanese Grand Prix,MAG,Haas F1 Team,18.0,13.0,Lapped,False
2024,Japanese Grand Prix,BOT,Kick Sauber,13.0,14.0,Lapped,False
2024,Japanese Grand Prix,OCO,Alpine,15.0,15.0,Lapped,False
2024,Japanese Grand Prix,GAS,Alpine,17.0,16.0,Lapped,False
2024,Japanese Grand Prix,SAR,Williams,19.0,17.0,Lapped,False
2024,Japanese Grand Prix,ZHO,Kick Sauber,20.0,18.0,Retired,False
2024,Japanese Grand Prix,RIC,RB,11.0,19.0,Retired,False
2024,Japanese Grand Prix,ALB,Williams,14.0,20.0,Retired,False
2024,Chinese Grand Prix,VER,Red Bull Racing,1.0,1.0,Finished,False
2024,Chinese Grand Prix,NOR,McLaren,4.0,2.0,Finished,False
2024,Chinese Grand Prix,PER,Red Bull Racing,2.0,3.0,Finished,False
2024,Chinese Grand Prix,LEC,Ferrari,6.0,4.0,Finished,False
2024,Chinese Grand Prix,SAI,Ferrari,7.0,5.0,Finished,False
2024,Chinese Grand Prix,RUS,Mercedes,8.0,6.0,Finished,False
2024,Chinese Grand Prix,ALO,Aston Martin,3.0,7.0,Finished,False
2024,Chinese Grand Prix,PIA,McLaren,5.0,8.0,Finished,False
2024,Chinese Grand Prix,HAM,Mercedes,18.0,9.0,Finished,False
2024,Chinese Grand Prix,HUL,Haas F1 Team,9.0,10.0,Finished,False
2024,Chinese Grand Prix,OCO,Alpine,13.0,11.0,Finished,False
2024,Chinese Grand Prix,ALB,Williams,14.0,12.0,Finished,False
2024,Chinese Grand Prix,GAS,Alpine,15.0,13.0,Finished,False
2024,Chinese Grand Prix,ZHO,Kick Sauber,16.0,14.0,Finished,False
2024,Chinese Grand Prix,STR,Aston Martin,11.0,15.0,Finished,False
2024,Chinese Grand Prix,MAG,Haas F1 Team,17.0,16.0,Finished,False
2024,Chinese Grand Prix,SAR,Williams,20.0,17.0,Finished,False
2024,Chinese Grand Prix,RIC,RB,12.0,18.0,Retired,False
2024,Chinese Grand Prix,TSU,RB,19.0,19.0,Retired,False
2024,Chinese Grand Prix,BOT,Kick Sauber,10.0,20.0,Retired,False
2024,Miami Grand Prix,NOR,McLaren,5.0,1.0,Finished,False
2024,Miami Grand Prix,VER,Red Bull Racing,1.0,2.0,Finished,False
2024,Miami Grand Prix,LEC,Ferrari,2.0,3.0,Finished,False
2024,Miami Grand Prix,PER,Red Bull Racing,4.0,4.0,Finished,False
2024,Miami Grand Prix,SAI,Ferrari,3.0,5.0,Finished,False
2024,Miami Grand Prix,HAM,Mercedes,8.0,6.0,Finished,False
2024,Miami Grand Prix,TSU,RB,10.0,7.0,Finished,False
2024,Miami Grand Prix,RUS,Mercedes,7.0,8.0,Finished,False
2024,Miami Grand Prix,ALO,Aston Martin,15.0,9.0,Finished,False
2024,Miami Grand Prix,OCO,Alpine,13.0,10.0,Finished,False
2024,Miami Grand Prix,HUL,Haas F1 Team,9.0,11.0,Finished,False
2024,Miami Grand Prix,GAS,Alpine,12.0,12.0,Finished,False
2024,Miami Grand Prix,PIA,McLaren,6.0,13.0,Finished,False
2024,Miami Grand Prix,ZHO,Kick Sauber,19.0,14.0,Finished,False
2024,Miami Grand Prix,RIC,RB,20.0,15.0,Finished,False
2024,Miami Grand Prix,BOT,Kick Sauber,16.0,16.0,Finished,False
2024,Miami Grand Prix,STR,Aston Martin,11.0,17.0,Finished,False
2024,Miami Grand Prix,ALB,Williams,14.0,18.0,Finished,False
2024,Miami Grand Prix,MAG,Haas F1 Team,18.0,19.0,Finished,False
2024,Miami Grand Prix,SAR,Williams,17.0,20.0,Retired,False
2024,Emilia Romagna Grand Prix,VER,Red Bull Racing,1.0,1.0,Finished,False
2024,Emilia Romagna Grand Prix,NOR,McLaren,2.0,2.0,Finished,False
2024,Emilia Romagna Grand Prix,LEC,Ferrari,3.0,3.0,Finished,False
2024,Emilia Romagna Grand Prix,PIA,McLaren,5.0,4.0,Finished,False
2024,Emilia Romagna Grand Prix,SAI,Ferrari,4.0,5.0,Finished,False
2024,Emilia Romagna Grand Prix,HAM,Mercedes,8.0,6.0,Finished,False
2024,Emilia Romagna Grand Prix,RUS,Mercedes,6.0,7.0,Finished,False
2024,Emilia Romagna Grand Prix,PER,Red Bull Racing,11.0,8.0,Finished,False
2024,Emilia Romagna Grand Prix,STR,Aston Martin,13.0,9.0,Finished,False
2024,Emilia Romagna Grand Prix,TSU,RB,7.0,10.0,Lapped,False
2024,Emilia Romagna Grand Prix,HUL,Haas F1 Team,10.0,11.0,Lapped,False
2024,Emilia Romagna Grand Prix,MAG,Haas F1 Team,18.0,12.0,Lapped,False
2024,Emilia Romagna Grand Prix,RIC,RB,9.0,13.0,Lapped,False
2024,Emilia Romagna Grand Prix,OCO,Alpine,12.0,14.0,Lapped,False
2024,Emilia Romagna Grand Prix,ZHO,Kick Sauber,17.0,15.0,Lapped,False
2024,Emilia Romagna Grand Prix,GAS,Alpine,15.0,16.0,Lapped,False
2024,Emilia Romagna Grand Prix,SAR,Williams,19.0,17.0,Lapped,False
2024,Emilia Romagna Grand Prix,BOT,Kick Sauber,16.0,18.0,Lapped,False
2024,Emilia Romagna Grand Prix,ALO,Aston Martin,20.0,19.0,Lapped,False
2024,Emilia Romagna Grand Prix,ALB,Williams,14.0,20.0,Retired,False
2024,Monaco Grand Prix,LEC,Ferrari,1.0,1.0,Finished,False
2024,Monaco Grand Prix,PIA,McLaren,2.0,2.0,Finished,False
2024,Monaco Grand Prix,SAI,Ferrari,3.0,3.0,Finished,False
2024,Monaco Grand Prix,NOR,McLaren,4.0,4.0,Finished,False
2024,Monaco Grand Prix,RUS,Mercedes,5.0,5.0,Finished,False
2024,Monaco Grand Prix,VER,Red Bull Racing,6.0,6.0,Finished,False
2024,Monaco Grand Prix,HAM,Mercedes,7.0,7.0,Finished,False
2024,Monaco Grand Prix,TSU,RB,8.0,8.0,Lapped,False
2024,Monaco Grand Prix,ALB,Williams,9.0,9.0,Lapped,False
2024,Monaco Grand Prix,GAS,Alpine,10.0,10.0,Lapped,False
2024,Monaco Grand Prix,ALO,Aston Martin,14.0,11.0,Lapped,False
2024,Monaco Grand Prix,RIC,RB,12.0,12.0,Lapped,False
2024,Monaco Grand Prix,BOT,Kick Sauber,17.0,13.0,Lapped,False
2024,Monaco Grand Prix,STR,Aston Martin,13.0,14.0,Lapped,False
2024,Monaco Grand Prix,SAR,Williams,15.0,15.0,Lapped,False
2024,Monaco Grand Prix,ZHO,Kick Sauber,18.0,16.0,Lapped,False
2024,Monaco Grand Prix,OCO,Alpine,11.0,17.0,Retired,False
2024,Monaco Grand Prix,PER,Red Bull Racing,16.0,18.0,Retired,False
2024,Monaco Grand Prix,HUL,Haas F1 Team,19.0,19.0,Retired,False
2024,Monaco Grand Prix,MAG,Haas F1 Team,20.0,20.0,Retired,False
2024,Canadian Grand Prix,VER,Red Bull Racing,2.0,1.0,Finished,True
2024,Canadian Grand Prix,NOR,McLaren,3.0,2.0,Finished,True
2024,Canadian Grand Prix,RUS,Mercedes,1.0,3.0,Finished,True
2024,Canadian Grand Prix,HAM,Mercedes,7.0,4.0,Finished,True
2024,Canadian Grand Prix,PIA,McLaren,4.0,5.0,Finished,True
2024,Canadian Grand Prix,ALO,Aston Martin,6.0,6.0,Finished,True
2024,Canadian Grand Prix,STR,Aston Martin,9.0,7.0,Finished,True
2024,Canadian Grand Prix,RIC,RB,5.0,8.0,Finished,True
2024,Canadian Grand Prix,GAS,Alpine,15.0,9.0,Finished,True
2024,Canadian Grand Prix,OCO,Alpine,18.0,10.0,Finished,True
2024,Canadian Grand Prix,HUL,Haas F1 Team,17.0,11.0,Finished,True
2024,Canadian Grand Prix,MAG,Haas F1 Team,14.0,12.0,Finished,True
2024,Canadian Grand Prix,BOT,Kick Sauber,19.0,13.0,Finished,True
2024,Canadian Grand Prix,TSU,RB,8.0,14.0,Finished,True
2024,Canadian Grand Prix,ZHO,Kick Sauber,20.0,15.0,Lapped,True
2024,Canadian Grand Prix,SAI,Ferrari,12.0,16.0,Retired,True
2024,Canadian Grand Prix,ALB,Williams,10.0,17.0,Retired,True
2024,Canadian Grand Prix,PER,Red Bull Racing,16.0,18.0,Retired,True
2024,Canadian Grand Prix,LEC,Ferrari,11.0,19.0,Retired,True
2024,Canadian Grand Prix,SAR,Williams,13.0,20.0,Retired,True
2024,Spanish Grand Prix,VER,Red Bull Racing,2.0,1.0,Finished,False
2024,Spanish Grand Prix,NOR,McLaren,1.0,2.0,Finished,False
2024,Spanish Grand Prix,HAM,Mercedes,3.0,3.0,Finished,False
2024,Spanish Grand Prix,RUS,Mercedes,4.0,4.0,Finished,False
2024,Spanish Grand Prix,LEC,Ferrari,5.0,5.0,Finished,False
2024,Spanish Grand Prix,SAI,Ferrari,6.0,6.0,Finished,False
2024,Spanish Grand Prix,PIA,McLaren,9.0,7.0,Finished,False
2024,Spanish Grand Prix,PER,Red Bull Racing,11.0,8.0,Finished,False
2024,Spanish Grand Prix,GAS,Alpine,7.0,9.0,Finished,False
2024,Spanish Grand Prix,OCO,Alpine,8.0,10.0,Finished,False
2024,Spanish Grand Prix,HUL,Haas F1 Team,13.0,11.0,Finished,False
2024,Spanish Grand Prix,ALO,Aston Martin,10.0,12.0,Lapped,False
2024,Spanish Grand Prix,ZHO,Kick Sauber,15.0,13.0,Lapped,False
2024,Spanish Grand Prix,STR,Aston Martin,14.0,14.0,Lapped,False
2024,Spanish Grand Prix,RIC,RB,18.0,15.0,Lapped,False
2024,Spanish Grand Prix,BOT,Kick Sauber,12.0,16.0,Lapped,False
2024,Spanish Grand Prix,MAG,Haas F1 Team,16.0,17.0,Lapped,False
2024,Spanish Grand Prix,ALB,Williams,20.0,18.0,Lapped,False
2024,Spanish Grand Prix,TSU,RB,17.0,19.0,Lapped,False
2024,Spanish Grand Prix,SAR,Williams,19.0,20.0,Lapped,False
2024,Austrian Grand Prix,RUS,Mercedes,3.0,1.0,Finished,False
2024,Austrian Grand Prix,PIA,McLaren,7.0,2.0,Finished,False
2024,Austrian Grand Prix,SAI,Ferrari,4.0,3.0,Finished,False
2024,Austrian Grand Prix,HAM,Mercedes,5.0,4.0,Finished,False
2024,Austrian Grand Prix,VER,Red Bull Racing,1.0,5.0,Finished,False
2024,Austrian Grand Prix,HUL,Haas F1 Team,9.0,6.0,Finished,False
2024,Austrian Grand Prix,PER,Red Bull Racing,8.0,7.0,Finished,False
2024,Austrian Grand Prix,MAG,Haas F1 Team,12.0,8.0,Finished,False
2024,Austrian Grand Prix,RIC,RB,11.0,9.0,Finished,False
2024,Austrian Grand Prix,GAS,Alpine,13.0,10.0,Finished,False
2024,Austrian Grand Prix,LEC,Ferrari,6.0,11.0,Finished,False
2024,Austrian Grand Prix,OCO,Alpine,10.0,12.0,Finished,False
2024,Austrian Grand Prix,STR,Aston Martin,17.0,13.0,Lapped,False
2024,Austrian Grand Prix,TSU,RB,14.0,14.0,Lapped,False
2024,Austrian Grand Prix,ALB,Williams,16.0,15.0,Lapped,False
2024,Austrian Grand Prix,BOT,Kick Sauber,18.0,16.0,Lapped,False
2024,Austrian Grand Prix,ZHO,Kick Sauber,20.0,17.0,Lapped,False
2024,Austrian Grand Prix,ALO,Aston Martin,15.0,18.0,Lapped,False
2024,Austrian Grand Prix,SAR,Williams,19.0,19.0,Lapped,False
2024,Austrian Grand Prix,NOR,McLaren,2.0,20.0,Lapped,False
2024,British Grand Prix,HAM,Mercedes,2.0,1.0,Finished,True
2024,British Grand Prix,VER,Red Bull Racing,4.0,2.0,Finished,True
2024,British Grand Prix,NOR,McLaren,3.0,3.0,Finished,True
2024,British Grand Prix,PIA,McLaren,5.0,4.0,Finished,True
2024,British Grand Prix,SAI,Ferrari,7.0,5.0,Finished,True
2024,British Grand Prix,HUL,Haas F1 Team,6.0,6.0,Finished,True
2024,British Grand Prix,STR,Aston Martin,8.0,7.0,Finished,True
2024,British Grand Prix,ALO,Aston Martin,10.0,8.0,Finished,True
2024,British Grand Prix,ALB,Williams,9.0,9.0,Finished,True
2024,British Grand Prix,TSU,RB,13.0,10.0,Finished,True
2024,British Grand Prix,SAR,Williams,12.0,11.0,Finished,True
2024,British Grand Prix,MAG,Haas F1 Team,17.0,12.0,Finished,True
2024,British Grand Prix,RIC,RB,15.0,13.0,Lapped,True
2024,British Grand Prix,LEC,Ferrari,11.0,14.0,Lapped,True
2024,British Grand Prix,BOT,Kick Sauber,16.0,15.0,Lapped,True
2024,British Grand Prix,OCO,Alpine,18.0,16.0,Lapped,True
2024,British Grand Prix,PER,Red Bull Racing,20.0,17.0,Lapped,True
2024,British Grand Prix,ZHO,Kick Sauber,14.0,18.0,Lapped,True
2024,British Grand Prix,RUS,Mercedes,1.0,19.0,Retired,True
2024,British Grand Prix,GAS,Alpine,19.0,20.0,Did not start,True
2024,Hungarian Grand Prix,PIA,McLaren,2.0,1.0,Finished,False
2024,Hungarian Grand Prix,NOR,McLaren,1.0,2.0,Finished,False
2024,Hungarian Grand Prix,HAM,Mercedes,5.0,3.0,Finished,False
2024,Hungarian Grand Prix,LEC,Ferrari,6.0,4.0,Finished,False
2024,Hungarian Grand Prix,VER,Red Bull Racing,3.0,5.0,Finished,False
2024,Hungarian Grand Prix,SAI,Ferrari,4.0,6.0,Finished,False
2024,Hungarian Grand Prix,PER,Red Bull Racing,16.0,7.0,Finished,False
2024,Hungarian Grand Prix,RUS,Mercedes,17.0,8.0,Finished,False
2024,Hungarian Grand Prix,TSU,RB,10.0,9.0,Finished,False
2024,Hungarian Grand Prix,STR,Aston Martin,8.0,10.0,Finished,False
2024,Hungarian Grand Prix,ALO,Aston Martin,7.0,11.0,Finished,False
2024,Hungarian Grand Prix,RIC,RB,9.0,12.0,Lapped,False
2024,Hungarian Grand Prix,HUL,Haas F1 Team,11.0,13.0,Lapped,False
2024,Hungarian Grand Prix,ALB,Williams,13.0,14.0,Lapped,False
2024,Hungarian Grand Prix,MAG,Haas F1 Team,15.0,15.0,Lapped,False
2024,Hungarian Grand Prix,BOT,Kick Sauber,12.0,16.0,Lapped,False
2024,Hungarian Grand Prix,SAR,Williams,14.0,17.0,Lapped,False
2024,Hungarian Grand Prix,OCO,Alpine,19.0,18.0,Lapped,False
2024,Hungarian Grand Prix,ZHO,Kick Sauber,18.0,19.0,Lapped,False
2024,Hungarian Grand Prix,GAS,Alpine,20.0,20.0,Retired,False
2024,Belgian Grand Prix,HAM,Mercedes,3.0,1.0,Finished,False
2024,Belgian Grand Prix,PIA,McLaren,5.0,2.0,Finished,False
2024,Belgian Grand Prix,LEC,Ferrari,1.0,3.0,Finished,False
2024,Belgian Grand Prix,VER,Red Bull Racing,11.0,4.0,Finished,False
2024,Belgian Grand Prix,NOR,McLaren,4.0,5.0,Finished,False
2024,Belgian Grand Prix,SAI,Ferrari,7.0,6.0,Finished,False
2024,Belgian Grand Prix,PER,Red Bull Racing,2.0,7.0,Finished,False
2024,Belgian Grand Prix,ALO,Aston Martin,8.0,8.0,Finished,False
2024,Belgian Grand Prix,OCO,Alpine,9.0,9.0,Finished,False
2024,Belgian Grand Prix,RIC,RB,13.0,10.0,Finished,False
2024,Belgian Grand Prix,STR,Aston Martin,15.0,11.0,Finished,False
2024,Belgian Grand Prix,ALB,Williams,10.0,12.0,Finished,False
2024,Belgian Grand Prix,GAS,Alpine,12.0,13.0,Finished,False
2024,Belgian Grand Prix,MAG,Haas F1 Team,17.0,14.0,Finished,False
2024,Belgian Grand Prix,BOT,Kick Sauber,14.0,15.0,Finished,False
2024,Belgian Grand Prix,TSU,RB,20.0,16.0,Finished,False
2024,Belgian Grand Prix,SAR,Williams,18.0,17.0,Finished,False
2024,Belgian Grand Prix,HUL,Haas F1 Team,16.0,18.0,Finished,False
2024,Belgian Grand Prix,ZHO,Kick Sauber,19.0,19.0,Retired,False
2024,Belgian Grand Prix,RUS,Mercedes,6.0,20.0,Disqualified,False
2024,Dutch Grand Prix,NOR,McLaren,1.0,1.0,Finished,False
2024,Dutch Grand Prix,VER,Red Bull Racing,2.0,2.0,Finished,False
2024,Dutch Grand Prix,LEC,Ferrari,6.0,3.0,Finished,False
2024,Dutch Grand Prix,PIA,McLaren,3.0,4.0,Finished,False
2024,Dutch Grand Prix,SAI,Ferrari,10.0,5.0,Finished,False
2024,Dutch Grand Prix,PER,Red Bull Racing,5.0,6.0,Finished,False
2024,Dutch Grand Prix,RUS,Mercedes,4.0,7.0,Finished,False
2024,Dutch Grand Prix,HAM,Mercedes,14.0,8.0,Finished,False
2024,Dutch Grand Prix,GAS,Alpine,9.0,9.0,Lapped,False
2024,Dutch Grand Prix,ALO,Aston Martin,7.0,10.0,Lapped,False
2024,Dutch Grand Prix,HUL,Haas F1 Team,12.0,11.0,Lapped,False
2024,Dutch Grand Prix,RIC,RB,13.0,12.0,Lapped,False
2024,Dutch Grand Prix,STR,Aston Martin,8.0,13.0,Lapped,False
2024,Dutch Grand Prix,ALB,Williams,19.0,14.0,Lapped,False
2024,Dutch Grand Prix,OCO,Alpine,15.0,15.0,Lapped,False
2024,Dutch Grand Prix,SAR,Williams,18.0,16.0,Lapped,False
2024,Dutch Grand Prix,TSU,RB,11.0,17.0,Lapped,False
2024,Dutch Grand Prix,MAG,Haas F1 Team,20.0,18.0,Lapped,False
2024,Dutch Grand Prix,BOT,Kick Sauber,16.0,19.0,Lapped,False
2024,Dutch Grand Prix,ZHO,Kick Sauber,17.0,20.0,Lapped,False
2024,Italian Grand Prix,LEC,Ferrari,4.0,1.0,Finished,False
2024,Italian Grand Prix,PIA,McLaren,2.0,2.0,Finished,False
2024,Italian Grand Prix,NOR,McLaren,1.0,3.0,Finished,False
2024,Italian Grand Prix,SAI,Ferrari,5.0,4.0,Finished,False
2024,Italian Grand Prix,HAM,Mercedes,6.0,5.0,Finished,False
2024,Italian Grand Prix,VER,Red Bull Racing,7.0,6.0,Finished,False
2024,Italian Grand Prix,RUS,Mercedes,3.0,7.0,Finished,False
2024,Italian Grand Prix,PER,Red Bull Racing,8.0,8.0,Finished,False
2024,Italian Grand Prix,ALB,Williams,9.0,9.0,Finished,False
2024,Italian Grand Prix,MAG,Haas F1 Team,13.0,10.0,Finished,False
2024,Italian Grand Prix,ALO,Aston Martin,11.0,11.0,Finished,False
2024,Italian Grand Prix,COL,Williams,18.0,12.0,Finished,False
2024,Italian Grand Prix,RIC,RB,12.0,13.0,Finished,False
2024,Italian Grand Prix,OCO,Alpine,15.0,14.0,Lapped,False
2024,Italian Grand Prix,GAS,Alpine,14.0,15.0,Lapped,False
2024,Italian Grand Prix,BOT,Kick Sauber,19.0,16.0,Lapped,False
2024,Italian Grand Prix,HUL,Haas F1 Team,10.0,17.0,Lapped,False
2024,Italian Grand Prix,ZHO,Kick Sauber,20.0,18.0,Lapped,False
2024,Italian Grand Prix,STR,Aston Martin,17.0,19.0,Lapped,False
2024,Italian Grand Prix,TSU,RB,16.0,20.0,Retired,False
2024,Azerbaijan Grand Prix,PIA,McLaren,2.0,1.0,Finished,False
2024,Azerbaijan Grand Prix,LEC,Ferrari,1.0,2.0,Finished,False
2024,Azerbaijan Grand Prix,RUS,Mercedes,5.0,3.0,Finished,False
2024,Azerbaijan Grand Prix,NOR,McLaren,15.0,4.0,Finished,False
2024,Azerbaijan Grand Prix,VER,Red Bull Racing,6.0,5.0,Finished,False
2024,Azerbaijan Grand Prix,ALO,Aston Martin,7.0,6.0,Finished,False
2024,Azerbaijan Grand Prix,ALB,Williams,9.0,7.0,Finished,False
2024,Azerbaijan Grand Prix,COL,Williams,8.0,8.0,Finished,False
2024,Azerbaijan Grand Prix,HAM,Mercedes,19.0,9.0,Finished,False
2024,Azerbaijan Grand Prix,BEA,Haas F1 Team,10.0,10.0,Finished,False
2024,Azerbaijan Grand Prix,HUL,Haas F1 Team,12.0,11.0,Finished,False
2024,Azerbaijan Grand Prix,GAS,Alpine,18.0,12.0,Finished,False
2024,Azerbaijan Grand Prix,RIC,RB,14.0,13.0,Finished,False
2024,Azerbaijan Grand Prix,ZHO,Kick Sauber,17.0,14.0,Finished,False
2024,Azerbaijan Grand Prix,OCO,Alpine,20.0,15.0,Lapped,False
2024,Azerbaijan Grand Prix,BOT,Kick Sauber,16.0,16.0,Lapped,False
2024,Azerbaijan Grand Prix,PER,Red Bull Racing,4.0,17.0,Finished,False
2024,Azerbaijan Grand Prix,SAI,Ferrari,3.0,18.0,Finished,False
2024,Azerbaijan Grand Prix,STR,Aston Martin,13.0,19.0,Finished,False
2024,Azerbaijan Grand Prix,TSU,RB,11.0,20.0,Retired,False
2024,Singapore Grand Prix,NOR,McLaren,1.0,1.0,Finished,False
2024,Singapore Grand Prix,VER,Red Bull Racing,2.0,2.0,Finished,False
2024,Singapore Grand Prix,PIA,McLaren,5.0,3.0,Finished,False
2024,Singapore Grand Prix,RUS,Mercedes,4.0,4.0,Finished,False
2024,Singapore Grand Prix,LEC,Ferrari,9.0,5.0,Finished,False
2024,Singapore Grand Prix,HAM,Mercedes,3.0,6.0,Finished,False
2024,Singapore Grand Prix,SAI,Ferrari,10.0,7.0,Finished,False
2024,Singapore Grand Prix,ALO,Aston Martin,7.0,8.0,Lapped,False
2024,Singapore Grand Prix,HUL,Haas F1 Team,6.0,9.0,Lapped,False
2024,Singapore Grand Prix,PER,Red Bull Racing,13.0,10.0,Lapped,False
2024,Singapore Grand Prix,COL,Williams,12.0,11.0,Lapped,False
2024,Singapore Grand Prix,TSU,RB,8.0,12.0,Lapped,False
2024,Singapore Grand Prix,OCO,Alpine,15.0,13.0,Lapped,False
2024,Singapore Grand Prix,STR,Aston Martin,17.0,14.0,Lapped,False
2024,Singapore Grand Prix,ZHO,Kick Sauber,20.0,15.0,Lapped,False
2024,Singapore Grand Prix,BOT,Kick Sauber,19.0,16.0,Lapped,False
2024,Singapore Grand Prix,GAS,Alpine,18.0,17.0,Lapped,False
2024,Singapore Grand Prix,RIC,RB,16.0,18.0,Lapped,False
2024,Singapore Grand Prix,MAG,Haas F1 Team,14.0,19.0,Finished,False
2024,Singapore Grand Prix,ALB,Williams,11.0,20.0,Retired,False
2024,United States Grand Prix,LEC,Ferrari,4.0,1.0,Finished,False
2024,United States Grand Prix,SAI,Ferrari,3.0,2.0,Finished,False
2024,United States Grand Prix,VER,Red Bull Racing,2.0,3.0,Finished,False
2024,United States Grand Prix,NOR,McLaren,1.0,4.0,Finished,False
2024,United States Grand Prix,PIA,McLaren,5.0,5.0,Finished,False
2024,United States Grand Prix,RUS,Mercedes,20.0,6.0,Finished,False
2024,United States Grand Prix,PER,Red Bull Racing,9.0,7.0,Finished,False
2024,United States Grand Prix,HUL,Haas F1 Team,11.0,8.0,Finished,False
2024,United States Grand Prix,LAW,RB,19.0,9.0,Finished,False
2024,United States Grand Prix,COL,Williams,15.0,10.0,Finished,False
2024,United States Grand Prix,MAG,Haas F1 Team,8.0,11.0,Finished,False
2024,United States Grand Prix,GAS,Alpine,6.0,12.0,Finished,False
2024,United States Grand Prix,ALO,Aston Martin,7.0,13.0,Lapped,False
2024,United States Grand Prix,TSU,RB,10.0,14.0,Lapped,False
2024,United States Grand Prix,STR,Aston Martin,13.0,15.0,Lapped,False
2024,United States Grand Prix,ALB,Williams,14.0,16.0,Lapped,False
2024,United States Grand Prix,BOT,Kick Sauber,16.0,17.0,Lapped,False
2024,United States Grand Prix,OCO,Alpine,12.0,18.0,Lapped,False
2024,United States Grand Prix,ZHO,Kick Sauber,18.0,19.0,Lapped,False
2024,United States Grand Prix,HAM,Mercedes,17.0,20.0,Retired,False
2024,Mexico City Grand Prix,SAI,Ferrari,1.0,1.0,Finished,False
2024,Mexico City Grand Prix,NOR,McLaren,3.0,2.0,Finished,False
2024,Mexico City Grand Prix,LEC,Ferrari,4.0,3.0,Finished,False
2024,Mexico City Grand Prix,HAM,Mercedes,6.0,4.0,Finished,False
2024,Mexico City Grand Prix,RUS,Mercedes,5.0,5.0,Finished,False
2024,Mexico City Grand Prix,VER,Red Bull Racing,2.0,6.0,Finished,False
2024,Mexico City Grand Prix,MAG,Haas F1 Team,7.0,7.0,Finished,False
2024,Mexico City Grand Prix,PIA,McLaren,17.0,8.0,Finished,False
2024,Mexico City Grand Prix,HUL,Haas F1 Team,10.0,9.0,Lapped,False
2024,Mexico City Grand Prix,GAS,Alpine,8.0,10.0,Lapped,False
2024,Mexico City Grand Prix,STR,Aston Martin,14.0,11.0,Lapped,False
2024,Mexico City Grand Prix,COL,Williams,16.0,12.0,Lapped,False
2024,Mexico City Grand Prix,OCO,Alpine,0.0,13.0,Lapped,False
2024,Mexico City Grand Prix,BOT,Kick Sauber,15.0,14.0,Lapped,False
2024,Mexico City Grand Prix,ZHO,Kick Sauber,19.0,15.0,Lapped,False
2024,Mexico City Grand Prix,LAW,RB,12.0,16.0,Lapped,False
2024,Mexico City Grand Prix,PER,Red Bull Racing,18.0,17.0,Lapped,False
2024,Mexico City Grand Prix,ALO,Aston Martin,13.0,18.0,Retired,False
2024,Mexico City Grand Prix,ALB,Williams,9.0,19.0,Retired,False
2024,Mexico City Grand Prix,TSU,RB,11.0,20.0,Retired,False
2024,São Paulo Grand Prix,VER,Red Bull Racing,17.0,1.0,Finished,True
2024,São Paulo Grand Prix,OCO,Alpine,4.0,2.0,Finished,True
2024,São Paulo Grand Prix,GAS,Alpine,13.0,3.0,Finished,True
2024,São Paulo Grand Prix,RUS,Mercedes,2.0,4.0,Finished,True
2024,São Paulo Grand Prix,LEC,Ferrari,6.0,5.0,Finished,True
2024,São Paulo Grand Prix,NOR,McLaren,1.0,6.0,Finished,True
2024,São Paulo Grand Prix,TSU,RB,3.0,7.0,Finished,True
2024,São Paulo Grand Prix,PIA,McLaren,8.0,8.0,Finished,True
2024,São Paulo Grand Prix,LAW,RB,5.0,9.0,Finished,True
2024,São Paulo Grand Prix,HAM,Mercedes,14.0,10.0,Finished,True
2024,São Paulo Grand Prix,PER,Red Bull Racing,12.0,11.0,Finished,True
2024,São Paulo Grand Prix,BEA,Haas F1 Team,15.0,12.0,Finished,True
2024,São Paulo Grand Prix,BOT,Kick Sauber,11.0,13.0,Finished,True
2024,São Paulo Grand Prix,ALO,Aston Martin,9.0,14.0,Finished,True
2024,São Paulo Grand Prix,ZHO,Kick Sauber,19.0,15.0,Finished,True
2024,São Paulo Grand Prix,SAI,Ferrari,20.0,16.0,Retired,True
2024,São Paulo Grand Prix,COL,Williams,16.0,17.0,Retired,True
2024,São Paulo Grand Prix,ALB,Williams,7.0,18.0,Did not start,True
2024,São Paulo Grand Prix,STR,Aston Martin,10.0,19.0,Did not start,True
2024,São Paulo Grand Prix,HUL,Haas F1 Team,18.0,20.0,Disqualified,True
2024,Las Vegas Grand Prix,RUS,Mercedes,1.0,1.0,Finished,False
2024,Las Vegas Grand Prix,HAM,Mercedes,10.0,2.0,Finished,False
2024,Las Vegas Grand Prix,SAI,Ferrari,2.0,3.0,Finished,False
2024,Las Vegas Grand Prix,LEC,Ferrari,4.0,4.0,Finished,False
2024,Las Vegas Grand Prix,VER,Red Bull Racing,5.0,5.0,Finished,False
2024,Las Vegas Grand Prix,NOR,McLaren,6.0,6.0,Finished,False
2024,Las Vegas Grand Prix,PIA,McLaren,8.0,7.0,Finished,False
2024,Las Vegas Grand Prix,HUL,Haas F1 Team,9.0,8.0,Finished,False
2024,Las Vegas Grand Prix,TSU,RB,7.0,9.0,Finished,False
2024,Las Vegas Grand Prix,PER,Red Bull Racing,15.0,10.0,Finished,False
2024,Las Vegas Grand Prix,ALO,Aston Martin,16.0,11.0,Finished,False
2024,Las Vegas Grand Prix,MAG,Haas F1 Team,12.0,12.0,Finished,False
2024,Las Vegas Grand Prix,ZHO,Kick Sauber,13.0,13.0,Finished,False
2024,Las Vegas Grand Prix,COL,Williams,20.0,14.0,Finished,False
2024,Las Vegas Grand Prix,STR,Aston Martin,18.0,15.0,Finished,False
2024,Las Vegas Grand Prix,LAW,RB,14.0,16.0,Finished,False
2024,Las Vegas Grand Prix,OCO,Alpine,11.0,17.0,Lapped,False
2024,Las Vegas Grand Prix,BOT,Kick Sauber,19.0,18.0,Lapped,False
2024,Las Vegas Grand Prix,ALB,Williams,17.0,19.0,Retired,False
2024,Las Vegas Grand Prix,GAS,Alpine,3.0,20.0,Retired,False
2024,Qatar Grand Prix,VER,Red Bull Racing,2.0,1.0,Finished,False
2024,Qatar Grand Prix,LEC,Ferrari,5.0,2.0,Finished,False
2024,Qatar Grand Prix,PIA,McLaren,4.0,3.0,Finished,False
2024,Qatar Grand Prix,RUS,Mercedes,1.0,4.0,Finished,False
2024,Qatar Grand Prix,GAS,Alpine,11.0,5.0,Finished,False
2024,Qatar Grand Prix,SAI,Ferrari,7.0,6.0,Finished,False
2024,Qatar Grand Prix,ALO,Aston Martin,8.0,7.0,Finished,False
2024,Qatar Grand Prix,ZHO,Kick Sauber,12.0,8.0,Finished,False
2024,Qatar Grand Prix,MAG,Haas F1 Team,10.0,9.0,Finished,False
2024,Qatar Grand Prix,NOR,McLaren,3.0,10.0,Finished,False
2024,Qatar Grand Prix,BOT,Kick Sauber,13.0,11.0,Finished,False
2024,Qatar Grand Prix,HAM,Mercedes,6.0,12.0,Finished,False
2024,Qatar Grand Prix,TSU,RB,14.0,13.0,Finished,False
2024,Qatar Grand Prix,LAW,RB,17.0,14.0,Finished,False
2024,Qatar Grand Prix,ALB,Williams,16.0,15.0,Lapped,False
2024,Qatar Grand Prix,HUL,Haas F1 Team,18.0,16.0,Retired,False
2024,Qatar Grand Prix,PER,Red Bull Racing,9.0,17.0,Retired,False
2024,Qatar Grand Prix,STR,Aston Martin,15.0,18.0,Retired,False
2024,Qatar Grand Prix,COL,Williams,19.0,19.0,Retired,False
2024,Qatar Grand Prix,OCO,Alpine,20.0,20.0,Retired,False
2024,Abu Dhabi Grand Prix,NOR,McLaren,1.0,1.0,Finished,False
2024,Abu Dhabi Grand Prix,SAI,Ferrari,3.0,2.0,Finished,False
2024,Abu Dhabi Grand Prix,LEC,Ferrari,19.0,3.0,Finished,False
2024,Abu Dhabi Grand Prix,HAM,Mercedes,16.0,4.0,Finished,False
2024,Abu Dhabi Grand Prix,RUS,Mercedes,6.0,5.0,Finished,False
2024,Abu Dhabi Grand Prix,VER,Red Bull Racing,4.0,6.0,Finished,False
2024,Abu Dhabi Grand Prix,GAS,Alpine,5.0,7.0,Finished,False
2024,Abu Dhabi Grand Prix,HUL,Haas F1 Team,7.0,8.0,Finished,False
2024,Abu Dhabi Grand Prix,ALO,Aston Martin,8.0,9.0,Finished,False
2024,Abu Dhabi Grand Prix,PIA,McLaren,2.0,10.0,Finished,False
2024,Abu Dhabi Grand Prix,ALB,Williams,18.0,11.0,Lapped,False
2024,Abu Dhabi Grand Prix,TSU,RB,11.0,12.0,Lapped,False
2024,Abu Dhabi Grand Prix,ZHO,Kick Sauber,15.0,13.0,Lapped,False
2024,Abu Dhabi Grand Prix,STR,Aston Martin,13.0,14.0,Lapped,False
2024,Abu Dhabi Grand Prix,DOO,Alpine,17.0,15.0,Lapped,False
2024,Abu Dhabi Grand Prix,MAG,Haas F1 Team,14.0,16.0,Lapped,False
2024,Abu Dhabi Grand Prix,LAW,RB,12.0,17.0,Finished,False
2024,Abu Dhabi Grand Prix,BOT,Kick Sauber,9.0,18.0,Retired,False
2024,Abu Dhabi Grand Prix,COL,Williams,20.0,19.0,Retired,False
2024,Abu Dhabi Grand Prix,PER,Red Bull Racing,10.0,20.0,Retired,False
